case,dy_eval_perf,dy2st_eval_cinn_perf,speedup,n_symbol_params,n_cond_f_buckets,n_cond_true,n_groups,n_kernels
segformer_b0_1024x1024_SIR_14,0.144833,0.105507,1.373,20,16,4,9,20
segformer_b0_1024x512_SIR_26,0.095665,0.067903,1.409,20,16,4,9,20
segformer_b0_1024x512_SIR_14,0.118353,0.073517,1.610,20,16,4,9,20
segformer_b3_1024x512_SIR_18,0.098776,0.076047,1.299,20,16,4,9,20
segformer_b0_1024x1024_SIR_26,0.139682,0.08928,1.565,20,16,4,9,20
segformer_b3_1024x1024_SIR_38,0.125979,0.094179,1.338,20,16,4,9,20
segformer_b3_1024x512_SIR_38,0.093511,0.082515,1.133,20,16,4,9,20
segformer_b3_1024x1024_SIR_5,0.221468,0.176073,1.258,20,16,4,9,20
ppyoloe_voc_l_SIR_182,0.052967,0.043252,1.225,2,0,5,5,5
segformer_b0_1024x1024_SIR_5,0.233825,0.180393,1.296,20,16,4,9,20
segformer_b3_1024x1024_SIR_18,0.16151,0.110794,1.458,20,16,4,9,20
smalldet_sod_SIR_174,0.053641,0.065393,0.820,3,0,5,5,5
