Start (ns),Duration (ns),CorrId,GrdX,GrdY,GrdZ,BlkX,BlkY,BlkZ,Reg/Trd,StcSMem (MB),DymSMem (MB),Bytes (MB),Throughput (MBps),SrcMemKd,DstMemKd,Device,Ctx,Strm,Name
2678036709,2912,964,1,1,1,256,1,1,31,0.000,0.000,None,,None,None,NVIDIA A100-SXM4-80GB (0),1,20,"void phi::funcs::DistributionKernel<float, phi::funcs::uniform_distribution<float>, phi::funcs::uniform_real_transform<float>>(unsigned long, unsigned long, unsigned long, T2, T3, T1 *, unsigned long)"
2678564483,2688,969,1,1,1,256,1,1,31,0.000,0.000,None,,None,None,NVIDIA A100-SXM4-80GB (0),1,20,"void phi::funcs::DistributionKernel<float, phi::funcs::uniform_distribution<float>, phi::funcs::uniform_real_transform<float>>(unsigned long, unsigned long, unsigned long, T2, T3, T1 *, unsigned long)"
2678963265,2656,974,6,1,1,256,1,1,31,0.000,0.000,None,,None,None,NVIDIA A100-SXM4-80GB (0),1,20,"void phi::funcs::DistributionKernel<float, phi::funcs::uniform_distribution<float>, phi::funcs::uniform_real_transform<float>>(unsigned long, unsigned long, unsigned long, T2, T3, T1 *, unsigned long)"
2679254560,2368,979,6,1,1,256,1,1,31,0.000,0.000,None,,None,None,NVIDIA A100-SXM4-80GB (0),1,20,"void phi::funcs::DistributionKernel<float, phi::funcs::uniform_distribution<float>, phi::funcs::uniform_real_transform<float>>(unsigned long, unsigned long, unsigned long, T2, T3, T1 *, unsigned long)"
2682154770,6368,984,864,1,1,256,1,1,31,0.000,0.000,None,,None,None,NVIDIA A100-SXM4-80GB (0),1,20,"void phi::funcs::DistributionKernel<float, phi::funcs::uniform_distribution<float>, phi::funcs::uniform_real_transform<float>>(unsigned long, unsigned long, unsigned long, T2, T3, T1 *, unsigned long)"
8068340963,22560,1066,5,1,1,32,16,1,26,0.000,0.000,None,,None,None,NVIDIA A100-SXM4-80GB (0),1,20,"void phi::VecReduceKernel<(int)512, (int)1, phi::ReduceExecutor<float, phi::kps::MeanOps<float, float, float>, float, (int)4, (int)4>>(T3)"
8091444347,2496,2460,None,None,None,None,None,None,None,None,None,0.021,8307.692,Device,None,NVIDIA A100-SXM4-80GB (0),1,21,[CUDA memset]
8319188733,3456,5370,3,1,1,128,1,1,47,0.002,0.000,None,,None,None,NVIDIA A100-SXM4-80GB (0),1,20,"void gemv2T_kernel_val<int, int, float, float, float, float, (int)128, (int)16, (int)2, (int)2, (bool)0, (bool)0, cublasGemvParamsEx<int, cublasGemvTensorStridedBatched<const float>, cublasGemvTensorStridedBatched<const float>, cublasGemvTensorStridedBatched<float>, float>>(T13, T6, T6)"
8319595259,2432,5376,1,1,1,32,1,1,16,0.000,0.000,None,,None,None,NVIDIA A100-SXM4-80GB (0),1,20,fn_reshape_gs_bc_add_full_gs_bc_max__11008249055510313070_COND__FPA__FPA__FPA__FPA_S0MUL18ll_BPA_GE1ll_BPA_AND_FPA__FPA_S0MUL18ll_BPA_LE1023ll_BPA__BPA_AND_FPA__FPA_S0MUL18ll_BPA_LE2147483647ll_BPA__BPA___kernel
8350265425,3584,5475,3,1,1,4,32,1,159,0.000,0.001,None,,None,None,NVIDIA A100-SXM4-80GB (0),1,20,"std::enable_if<!T7, void>::type internal::gemvx::kernel<int, int, float, float, float, float, (bool)0, (bool)1, (bool)1, (bool)0, (int)7, (bool)0, cublasGemvParamsEx<int, cublasGemvTensorStridedBatched<const float>, cublasGemvTensorStridedBatched<const float>, cublasGemvTensorStridedBatched<float>, float>>(T13)"
8350794159,5952,5482,1090,1,1,256,1,1,20,0.000,0.000,None,,None,None,NVIDIA A100-SXM4-80GB (0),1,20,fn_reshape_gs_bc_add_full_full_full_full_gs_bc_mul_gs_bc_add_gs_bc_min_gs_bc_max_gs_bc_mul__17594470531925998404_COND__FPA__FPA__FPA__FPA__FPA_S0MULS1_BPA_MULS2_BPA_MUL72ll_BPA_GE1024ll_BPA_AND_FPA__FPA__FPA_S0MUL72ll_BPA_LE2147483647ll_BPA_AND_FPA__FPA__FPA__FPA_S0MULS1_BPA_MULS2_BPA_MUL72ll_BPA_LE2147483647ll_BPA__BPA__BPA___kernel
8351877642,16608,5488,5,1,1,32,16,1,26,0.000,0.000,None,,None,None,NVIDIA A100-SXM4-80GB (0),1,20,"void phi::VecReduceKernel<(int)512, (int)1, phi::ReduceExecutor<float, phi::kps::MeanOps<float, float, float>, float, (int)4, (int)4>>(T3)"
8352011433,3136,5492,3,1,1,128,1,1,47,0.002,0.000,None,,None,None,NVIDIA A100-SXM4-80GB (0),1,20,"void gemv2T_kernel_val<int, int, float, float, float, float, (int)128, (int)16, (int)2, (int)2, (bool)0, (bool)0, cublasGemvParamsEx<int, cublasGemvTensorStridedBatched<const float>, cublasGemvTensorStridedBatched<const float>, cublasGemvTensorStridedBatched<float>, float>>(T13, T6, T6)"
8352042249,2144,5496,1,1,1,32,1,1,16,0.000,0.000,None,,None,None,NVIDIA A100-SXM4-80GB (0),1,20,fn_reshape_gs_bc_add_full_gs_bc_max__11008249055510313070_COND__FPA__FPA__FPA__FPA_S0MUL18ll_BPA_GE1ll_BPA_AND_FPA__FPA_S0MUL18ll_BPA_LE1023ll_BPA__BPA_AND_FPA__FPA_S0MUL18ll_BPA_LE2147483647ll_BPA__BPA___kernel
8352090473,3264,5499,3,1,1,4,32,1,159,0.000,0.001,None,,None,None,NVIDIA A100-SXM4-80GB (0),1,20,"std::enable_if<!T7, void>::type internal::gemvx::kernel<int, int, float, float, float, float, (bool)0, (bool)1, (bool)1, (bool)0, (int)7, (bool)0, cublasGemvParamsEx<int, cublasGemvTensorStridedBatched<const float>, cublasGemvTensorStridedBatched<const float>, cublasGemvTensorStridedBatched<float>, float>>(T13)"
8352292200,5696,5505,1090,1,1,256,1,1,20,0.000,0.000,None,,None,None,NVIDIA A100-SXM4-80GB (0),1,20,fn_reshape_gs_bc_add_full_full_full_full_gs_bc_mul_gs_bc_add_gs_bc_min_gs_bc_max_gs_bc_mul__17594470531925998404_COND__FPA__FPA__FPA__FPA__FPA_S0MULS1_BPA_MULS2_BPA_MUL72ll_BPA_GE1024ll_BPA_AND_FPA__FPA__FPA_S0MUL72ll_BPA_LE2147483647ll_BPA_AND_FPA__FPA__FPA__FPA_S0MULS1_BPA_MULS2_BPA_MUL72ll_BPA_LE2147483647ll_BPA__BPA__BPA___kernel
8352726310,16416,5512,5,1,1,32,16,1,26,0.000,0.000,None,,None,None,NVIDIA A100-SXM4-80GB (0),1,20,"void phi::VecReduceKernel<(int)512, (int)1, phi::ReduceExecutor<float, phi::kps::MeanOps<float, float, float>, float, (int)4, (int)4>>(T3)"
8352813542,3040,5516,3,1,1,128,1,1,47,0.002,0.000,None,,None,None,NVIDIA A100-SXM4-80GB (0),1,20,"void gemv2T_kernel_val<int, int, float, float, float, float, (int)128, (int)16, (int)2, (int)2, (bool)0, (bool)0, cublasGemvParamsEx<int, cublasGemvTensorStridedBatched<const float>, cublasGemvTensorStridedBatched<const float>, cublasGemvTensorStridedBatched<float>, float>>(T13, T6, T6)"
8352839781,2144,5520,1,1,1,32,1,1,16,0.000,0.000,None,,None,None,NVIDIA A100-SXM4-80GB (0),1,20,fn_reshape_gs_bc_add_full_gs_bc_max__11008249055510313070_COND__FPA__FPA__FPA__FPA_S0MUL18ll_BPA_GE1ll_BPA_AND_FPA__FPA_S0MUL18ll_BPA_LE1023ll_BPA__BPA_AND_FPA__FPA_S0MUL18ll_BPA_LE2147483647ll_BPA__BPA___kernel
8352883301,3296,5523,3,1,1,4,32,1,159,0.000,0.001,None,,None,None,NVIDIA A100-SXM4-80GB (0),1,20,"std::enable_if<!T7, void>::type internal::gemvx::kernel<int, int, float, float, float, float, (bool)0, (bool)1, (bool)1, (bool)0, (int)7, (bool)0, cublasGemvParamsEx<int, cublasGemvTensorStridedBatched<const float>, cublasGemvTensorStridedBatched<const float>, cublasGemvTensorStridedBatched<float>, float>>(T13)"
8352903461,5728,5527,1090,1,1,256,1,1,20,0.000,0.000,None,,None,None,NVIDIA A100-SXM4-80GB (0),1,20,fn_reshape_gs_bc_add_full_full_full_full_gs_bc_mul_gs_bc_add_gs_bc_min_gs_bc_max_gs_bc_mul__17594470531925998404_COND__FPA__FPA__FPA__FPA__FPA_S0MULS1_BPA_MULS2_BPA_MUL72ll_BPA_GE1024ll_BPA_AND_FPA__FPA__FPA_S0MUL72ll_BPA_LE2147483647ll_BPA_AND_FPA__FPA__FPA__FPA_S0MULS1_BPA_MULS2_BPA_MUL72ll_BPA_LE2147483647ll_BPA__BPA__BPA___kernel
8353247172,16416,5533,5,1,1,32,16,1,26,0.000,0.000,None,,None,None,NVIDIA A100-SXM4-80GB (0),1,20,"void phi::VecReduceKernel<(int)512, (int)1, phi::ReduceExecutor<float, phi::kps::MeanOps<float, float, float>, float, (int)4, (int)4>>(T3)"
8353317315,3040,5537,3,1,1,128,1,1,47,0.002,0.000,None,,None,None,NVIDIA A100-SXM4-80GB (0),1,20,"void gemv2T_kernel_val<int, int, float, float, float, float, (int)128, (int)16, (int)2, (int)2, (bool)0, (bool)0, cublasGemvParamsEx<int, cublasGemvTensorStridedBatched<const float>, cublasGemvTensorStridedBatched<const float>, cublasGemvTensorStridedBatched<float>, float>>(T13, T6, T6)"
8353341091,2144,5541,1,1,1,32,1,1,16,0.000,0.000,None,,None,None,NVIDIA A100-SXM4-80GB (0),1,20,fn_reshape_gs_bc_add_full_gs_bc_max__11008249055510313070_COND__FPA__FPA__FPA__FPA_S0MUL18ll_BPA_GE1ll_BPA_AND_FPA__FPA_S0MUL18ll_BPA_LE1023ll_BPA__BPA_AND_FPA__FPA_S0MUL18ll_BPA_LE2147483647ll_BPA__BPA___kernel
8353391907,3296,5544,3,1,1,4,32,1,159,0.000,0.001,None,,None,None,NVIDIA A100-SXM4-80GB (0),1,20,"std::enable_if<!T7, void>::type internal::gemvx::kernel<int, int, float, float, float, float, (bool)0, (bool)1, (bool)1, (bool)0, (int)7, (bool)0, cublasGemvParamsEx<int, cublasGemvTensorStridedBatched<const float>, cublasGemvTensorStridedBatched<const float>, cublasGemvTensorStridedBatched<float>, float>>(T13)"
8353414403,5824,5548,1090,1,1,256,1,1,20,0.000,0.000,None,,None,None,NVIDIA A100-SXM4-80GB (0),1,20,fn_reshape_gs_bc_add_full_full_full_full_gs_bc_mul_gs_bc_add_gs_bc_min_gs_bc_max_gs_bc_mul__17594470531925998404_COND__FPA__FPA__FPA__FPA__FPA_S0MULS1_BPA_MULS2_BPA_MUL72ll_BPA_GE1024ll_BPA_AND_FPA__FPA__FPA_S0MUL72ll_BPA_LE2147483647ll_BPA_AND_FPA__FPA__FPA__FPA_S0MULS1_BPA_MULS2_BPA_MUL72ll_BPA_LE2147483647ll_BPA__BPA__BPA___kernel
8353708898,16383,5554,5,1,1,32,16,1,26,0.000,0.000,None,,None,None,NVIDIA A100-SXM4-80GB (0),1,20,"void phi::VecReduceKernel<(int)512, (int)1, phi::ReduceExecutor<float, phi::kps::MeanOps<float, float, float>, float, (int)4, (int)4>>(T3)"
8353786017,3040,5558,3,1,1,128,1,1,47,0.002,0.000,None,,None,None,NVIDIA A100-SXM4-80GB (0),1,20,"void gemv2T_kernel_val<int, int, float, float, float, float, (int)128, (int)16, (int)2, (int)2, (bool)0, (bool)0, cublasGemvParamsEx<int, cublasGemvTensorStridedBatched<const float>, cublasGemvTensorStridedBatched<const float>, cublasGemvTensorStridedBatched<float>, float>>(T13, T6, T6)"
8353814753,2144,5562,1,1,1,32,1,1,16,0.000,0.000,None,,None,None,NVIDIA A100-SXM4-80GB (0),1,20,fn_reshape_gs_bc_add_full_gs_bc_max__11008249055510313070_COND__FPA__FPA__FPA__FPA_S0MUL18ll_BPA_GE1ll_BPA_AND_FPA__FPA_S0MUL18ll_BPA_LE1023ll_BPA__BPA_AND_FPA__FPA_S0MUL18ll_BPA_LE2147483647ll_BPA__BPA___kernel
8353858497,3264,5565,3,1,1,4,32,1,159,0.000,0.001,None,,None,None,NVIDIA A100-SXM4-80GB (0),1,20,"std::enable_if<!T7, void>::type internal::gemvx::kernel<int, int, float, float, float, float, (bool)0, (bool)1, (bool)1, (bool)0, (int)7, (bool)0, cublasGemvParamsEx<int, cublasGemvTensorStridedBatched<const float>, cublasGemvTensorStridedBatched<const float>, cublasGemvTensorStridedBatched<float>, float>>(T13)"
8353877281,5760,5569,1090,1,1,256,1,1,20,0.000,0.000,None,,None,None,NVIDIA A100-SXM4-80GB (0),1,20,fn_reshape_gs_bc_add_full_full_full_full_gs_bc_mul_gs_bc_add_gs_bc_min_gs_bc_max_gs_bc_mul__17594470531925998404_COND__FPA__FPA__FPA__FPA__FPA_S0MULS1_BPA_MULS2_BPA_MUL72ll_BPA_GE1024ll_BPA_AND_FPA__FPA__FPA_S0MUL72ll_BPA_LE2147483647ll_BPA_AND_FPA__FPA__FPA__FPA_S0MULS1_BPA_MULS2_BPA_MUL72ll_BPA_LE2147483647ll_BPA__BPA__BPA___kernel
8354190335,16480,5575,5,1,1,32,16,1,26,0.000,0.000,None,,None,None,NVIDIA A100-SXM4-80GB (0),1,20,"void phi::VecReduceKernel<(int)512, (int)1, phi::ReduceExecutor<float, phi::kps::MeanOps<float, float, float>, float, (int)4, (int)4>>(T3)"
8354260479,3040,5579,3,1,1,128,1,1,47,0.002,0.000,None,,None,None,NVIDIA A100-SXM4-80GB (0),1,20,"void gemv2T_kernel_val<int, int, float, float, float, float, (int)128, (int)16, (int)2, (int)2, (bool)0, (bool)0, cublasGemvParamsEx<int, cublasGemvTensorStridedBatched<const float>, cublasGemvTensorStridedBatched<const float>, cublasGemvTensorStridedBatched<float>, float>>(T13, T6, T6)"
8354283519,2112,5583,1,1,1,32,1,1,16,0.000,0.000,None,,None,None,NVIDIA A100-SXM4-80GB (0),1,20,fn_reshape_gs_bc_add_full_gs_bc_max__11008249055510313070_COND__FPA__FPA__FPA__FPA_S0MUL18ll_BPA_GE1ll_BPA_AND_FPA__FPA_S0MUL18ll_BPA_LE1023ll_BPA__BPA_AND_FPA__FPA_S0MUL18ll_BPA_LE2147483647ll_BPA__BPA___kernel
8354325471,3296,5586,3,1,1,4,32,1,159,0.000,0.001,None,,None,None,NVIDIA A100-SXM4-80GB (0),1,20,"std::enable_if<!T7, void>::type internal::gemvx::kernel<int, int, float, float, float, float, (bool)0, (bool)1, (bool)1, (bool)0, (int)7, (bool)0, cublasGemvParamsEx<int, cublasGemvTensorStridedBatched<const float>, cublasGemvTensorStridedBatched<const float>, cublasGemvTensorStridedBatched<float>, float>>(T13)"
8354343711,5664,5590,1090,1,1,256,1,1,20,0.000,0.000,None,,None,None,NVIDIA A100-SXM4-80GB (0),1,20,fn_reshape_gs_bc_add_full_full_full_full_gs_bc_mul_gs_bc_add_gs_bc_min_gs_bc_max_gs_bc_mul__17594470531925998404_COND__FPA__FPA__FPA__FPA__FPA_S0MULS1_BPA_MULS2_BPA_MUL72ll_BPA_GE1024ll_BPA_AND_FPA__FPA__FPA_S0MUL72ll_BPA_LE2147483647ll_BPA_AND_FPA__FPA__FPA__FPA_S0MULS1_BPA_MULS2_BPA_MUL72ll_BPA_LE2147483647ll_BPA__BPA__BPA___kernel
8354646973,16512,5596,5,1,1,32,16,1,26,0.000,0.000,None,,None,None,NVIDIA A100-SXM4-80GB (0),1,20,"void phi::VecReduceKernel<(int)512, (int)1, phi::ReduceExecutor<float, phi::kps::MeanOps<float, float, float>, float, (int)4, (int)4>>(T3)"
8354717117,3072,5600,3,1,1,128,1,1,47,0.002,0.000,None,,None,None,NVIDIA A100-SXM4-80GB (0),1,20,"void gemv2T_kernel_val<int, int, float, float, float, float, (int)128, (int)16, (int)2, (int)2, (bool)0, (bool)0, cublasGemvParamsEx<int, cublasGemvTensorStridedBatched<const float>, cublasGemvTensorStridedBatched<const float>, cublasGemvTensorStridedBatched<float>, float>>(T13, T6, T6)"
8354740701,2144,5604,1,1,1,32,1,1,16,0.000,0.000,None,,None,None,NVIDIA A100-SXM4-80GB (0),1,20,fn_reshape_gs_bc_add_full_gs_bc_max__11008249055510313070_COND__FPA__FPA__FPA__FPA_S0MUL18ll_BPA_GE1ll_BPA_AND_FPA__FPA_S0MUL18ll_BPA_LE1023ll_BPA__BPA_AND_FPA__FPA_S0MUL18ll_BPA_LE2147483647ll_BPA__BPA___kernel
8354792797,3264,5607,3,1,1,4,32,1,159,0.000,0.001,None,,None,None,NVIDIA A100-SXM4-80GB (0),1,20,"std::enable_if<!T7, void>::type internal::gemvx::kernel<int, int, float, float, float, float, (bool)0, (bool)1, (bool)1, (bool)0, (int)7, (bool)0, cublasGemvParamsEx<int, cublasGemvTensorStridedBatched<const float>, cublasGemvTensorStridedBatched<const float>, cublasGemvTensorStridedBatched<float>, float>>(T13)"
8354812701,5632,5611,1090,1,1,256,1,1,20,0.000,0.000,None,,None,None,NVIDIA A100-SXM4-80GB (0),1,20,fn_reshape_gs_bc_add_full_full_full_full_gs_bc_mul_gs_bc_add_gs_bc_min_gs_bc_max_gs_bc_mul__17594470531925998404_COND__FPA__FPA__FPA__FPA__FPA_S0MULS1_BPA_MULS2_BPA_MUL72ll_BPA_GE1024ll_BPA_AND_FPA__FPA__FPA_S0MUL72ll_BPA_LE2147483647ll_BPA_AND_FPA__FPA__FPA__FPA_S0MULS1_BPA_MULS2_BPA_MUL72ll_BPA_LE2147483647ll_BPA__BPA__BPA___kernel
8355100923,16448,5617,5,1,1,32,16,1,26,0.000,0.000,None,,None,None,NVIDIA A100-SXM4-80GB (0),1,20,"void phi::VecReduceKernel<(int)512, (int)1, phi::ReduceExecutor<float, phi::kps::MeanOps<float, float, float>, float, (int)4, (int)4>>(T3)"
8355170715,3040,5621,3,1,1,128,1,1,47,0.002,0.000,None,,None,None,NVIDIA A100-SXM4-80GB (0),1,20,"void gemv2T_kernel_val<int, int, float, float, float, float, (int)128, (int)16, (int)2, (int)2, (bool)0, (bool)0, cublasGemvParamsEx<int, cublasGemvTensorStridedBatched<const float>, cublasGemvTensorStridedBatched<const float>, cublasGemvTensorStridedBatched<float>, float>>(T13, T6, T6)"
8355193915,2144,5625,1,1,1,32,1,1,16,0.000,0.000,None,,None,None,NVIDIA A100-SXM4-80GB (0),1,20,fn_reshape_gs_bc_add_full_gs_bc_max__11008249055510313070_COND__FPA__FPA__FPA__FPA_S0MUL18ll_BPA_GE1ll_BPA_AND_FPA__FPA_S0MUL18ll_BPA_LE1023ll_BPA__BPA_AND_FPA__FPA_S0MUL18ll_BPA_LE2147483647ll_BPA__BPA___kernel
8355235643,3296,5628,3,1,1,4,32,1,159,0.000,0.001,None,,None,None,NVIDIA A100-SXM4-80GB (0),1,20,"std::enable_if<!T7, void>::type internal::gemvx::kernel<int, int, float, float, float, float, (bool)0, (bool)1, (bool)1, (bool)0, (int)7, (bool)0, cublasGemvParamsEx<int, cublasGemvTensorStridedBatched<const float>, cublasGemvTensorStridedBatched<const float>, cublasGemvTensorStridedBatched<float>, float>>(T13)"
8355253979,5696,5632,1090,1,1,256,1,1,20,0.000,0.000,None,,None,None,NVIDIA A100-SXM4-80GB (0),1,20,fn_reshape_gs_bc_add_full_full_full_full_gs_bc_mul_gs_bc_add_gs_bc_min_gs_bc_max_gs_bc_mul__17594470531925998404_COND__FPA__FPA__FPA__FPA__FPA_S0MULS1_BPA_MULS2_BPA_MUL72ll_BPA_GE1024ll_BPA_AND_FPA__FPA__FPA_S0MUL72ll_BPA_LE2147483647ll_BPA_AND_FPA__FPA__FPA__FPA_S0MULS1_BPA_MULS2_BPA_MUL72ll_BPA_LE2147483647ll_BPA__BPA__BPA___kernel
8355535129,16480,5638,5,1,1,32,16,1,26,0.000,0.000,None,,None,None,NVIDIA A100-SXM4-80GB (0),1,20,"void phi::VecReduceKernel<(int)512, (int)1, phi::ReduceExecutor<float, phi::kps::MeanOps<float, float, float>, float, (int)4, (int)4>>(T3)"
8355603545,3040,5642,3,1,1,128,1,1,47,0.002,0.000,None,,None,None,NVIDIA A100-SXM4-80GB (0),1,20,"void gemv2T_kernel_val<int, int, float, float, float, float, (int)128, (int)16, (int)2, (int)2, (bool)0, (bool)0, cublasGemvParamsEx<int, cublasGemvTensorStridedBatched<const float>, cublasGemvTensorStridedBatched<const float>, cublasGemvTensorStridedBatched<float>, float>>(T13, T6, T6)"
8355626809,2112,5646,1,1,1,32,1,1,16,0.000,0.000,None,,None,None,NVIDIA A100-SXM4-80GB (0),1,20,fn_reshape_gs_bc_add_full_gs_bc_max__11008249055510313070_COND__FPA__FPA__FPA__FPA_S0MUL18ll_BPA_GE1ll_BPA_AND_FPA__FPA_S0MUL18ll_BPA_LE1023ll_BPA__BPA_AND_FPA__FPA_S0MUL18ll_BPA_LE2147483647ll_BPA__BPA___kernel
8355668025,3296,5649,3,1,1,4,32,1,159,0.000,0.001,None,,None,None,NVIDIA A100-SXM4-80GB (0),1,20,"std::enable_if<!T7, void>::type internal::gemvx::kernel<int, int, float, float, float, float, (bool)0, (bool)1, (bool)1, (bool)0, (int)7, (bool)0, cublasGemvParamsEx<int, cublasGemvTensorStridedBatched<const float>, cublasGemvTensorStridedBatched<const float>, cublasGemvTensorStridedBatched<float>, float>>(T13)"
8355685945,5600,5653,1090,1,1,256,1,1,20,0.000,0.000,None,,None,None,NVIDIA A100-SXM4-80GB (0),1,20,fn_reshape_gs_bc_add_full_full_full_full_gs_bc_mul_gs_bc_add_gs_bc_min_gs_bc_max_gs_bc_mul__17594470531925998404_COND__FPA__FPA__FPA__FPA__FPA_S0MULS1_BPA_MULS2_BPA_MUL72ll_BPA_GE1024ll_BPA_AND_FPA__FPA__FPA_S0MUL72ll_BPA_LE2147483647ll_BPA_AND_FPA__FPA__FPA__FPA_S0MULS1_BPA_MULS2_BPA_MUL72ll_BPA_LE2147483647ll_BPA__BPA__BPA___kernel
8355973239,16448,5659,5,1,1,32,16,1,26,0.000,0.000,None,,None,None,NVIDIA A100-SXM4-80GB (0),1,20,"void phi::VecReduceKernel<(int)512, (int)1, phi::ReduceExecutor<float, phi::kps::MeanOps<float, float, float>, float, (int)4, (int)4>>(T3)"
8356042231,3072,5663,3,1,1,128,1,1,47,0.002,0.000,None,,None,None,NVIDIA A100-SXM4-80GB (0),1,20,"void gemv2T_kernel_val<int, int, float, float, float, float, (int)128, (int)16, (int)2, (int)2, (bool)0, (bool)0, cublasGemvParamsEx<int, cublasGemvTensorStridedBatched<const float>, cublasGemvTensorStridedBatched<const float>, cublasGemvTensorStridedBatched<float>, float>>(T13, T6, T6)"
8356064695,2112,5667,1,1,1,32,1,1,16,0.000,0.000,None,,None,None,NVIDIA A100-SXM4-80GB (0),1,20,fn_reshape_gs_bc_add_full_gs_bc_max__11008249055510313070_COND__FPA__FPA__FPA__FPA_S0MUL18ll_BPA_GE1ll_BPA_AND_FPA__FPA_S0MUL18ll_BPA_LE1023ll_BPA__BPA_AND_FPA__FPA_S0MUL18ll_BPA_LE2147483647ll_BPA__BPA___kernel
8356105399,3296,5670,3,1,1,4,32,1,159,0.000,0.001,None,,None,None,NVIDIA A100-SXM4-80GB (0),1,20,"std::enable_if<!T7, void>::type internal::gemvx::kernel<int, int, float, float, float, float, (bool)0, (bool)1, (bool)1, (bool)0, (int)7, (bool)0, cublasGemvParamsEx<int, cublasGemvTensorStridedBatched<const float>, cublasGemvTensorStridedBatched<const float>, cublasGemvTensorStridedBatched<float>, float>>(T13)"
8356123543,5632,5674,1090,1,1,256,1,1,20,0.000,0.000,None,,None,None,NVIDIA A100-SXM4-80GB (0),1,20,fn_reshape_gs_bc_add_full_full_full_full_gs_bc_mul_gs_bc_add_gs_bc_min_gs_bc_max_gs_bc_mul__17594470531925998404_COND__FPA__FPA__FPA__FPA__FPA_S0MULS1_BPA_MULS2_BPA_MUL72ll_BPA_GE1024ll_BPA_AND_FPA__FPA__FPA_S0MUL72ll_BPA_LE2147483647ll_BPA_AND_FPA__FPA__FPA__FPA_S0MULS1_BPA_MULS2_BPA_MUL72ll_BPA_LE2147483647ll_BPA__BPA__BPA___kernel
8356404309,16512,5680,5,1,1,32,16,1,26,0.000,0.000,None,,None,None,NVIDIA A100-SXM4-80GB (0),1,20,"void phi::VecReduceKernel<(int)512, (int)1, phi::ReduceExecutor<float, phi::kps::MeanOps<float, float, float>, float, (int)4, (int)4>>(T3)"
8356483509,3040,5684,3,1,1,128,1,1,47,0.002,0.000,None,,None,None,NVIDIA A100-SXM4-80GB (0),1,20,"void gemv2T_kernel_val<int, int, float, float, float, float, (int)128, (int)16, (int)2, (int)2, (bool)0, (bool)0, cublasGemvParamsEx<int, cublasGemvTensorStridedBatched<const float>, cublasGemvTensorStridedBatched<const float>, cublasGemvTensorStridedBatched<float>, float>>(T13, T6, T6)"
8356507029,2144,5688,1,1,1,32,1,1,16,0.000,0.000,None,,None,None,NVIDIA A100-SXM4-80GB (0),1,20,fn_reshape_gs_bc_add_full_gs_bc_max__11008249055510313070_COND__FPA__FPA__FPA__FPA_S0MUL18ll_BPA_GE1ll_BPA_AND_FPA__FPA_S0MUL18ll_BPA_LE1023ll_BPA__BPA_AND_FPA__FPA_S0MUL18ll_BPA_LE2147483647ll_BPA__BPA___kernel
8356549621,3296,5691,3,1,1,4,32,1,159,0.000,0.001,None,,None,None,NVIDIA A100-SXM4-80GB (0),1,20,"std::enable_if<!T7, void>::type internal::gemvx::kernel<int, int, float, float, float, float, (bool)0, (bool)1, (bool)1, (bool)0, (int)7, (bool)0, cublasGemvParamsEx<int, cublasGemvTensorStridedBatched<const float>, cublasGemvTensorStridedBatched<const float>, cublasGemvTensorStridedBatched<float>, float>>(T13)"
8356568693,5600,5695,1090,1,1,256,1,1,20,0.000,0.000,None,,None,None,NVIDIA A100-SXM4-80GB (0),1,20,fn_reshape_gs_bc_add_full_full_full_full_gs_bc_mul_gs_bc_add_gs_bc_min_gs_bc_max_gs_bc_mul__17594470531925998404_COND__FPA__FPA__FPA__FPA__FPA_S0MULS1_BPA_MULS2_BPA_MUL72ll_BPA_GE1024ll_BPA_AND_FPA__FPA__FPA_S0MUL72ll_BPA_LE2147483647ll_BPA_AND_FPA__FPA__FPA__FPA_S0MULS1_BPA_MULS2_BPA_MUL72ll_BPA_LE2147483647ll_BPA__BPA__BPA___kernel
8356853331,16352,5701,5,1,1,32,16,1,26,0.000,0.000,None,,None,None,NVIDIA A100-SXM4-80GB (0),1,20,"void phi::VecReduceKernel<(int)512, (int)1, phi::ReduceExecutor<float, phi::kps::MeanOps<float, float, float>, float, (int)4, (int)4>>(T3)"
8356922035,3008,5705,3,1,1,128,1,1,47,0.002,0.000,None,,None,None,NVIDIA A100-SXM4-80GB (0),1,20,"void gemv2T_kernel_val<int, int, float, float, float, float, (int)128, (int)16, (int)2, (int)2, (bool)0, (bool)0, cublasGemvParamsEx<int, cublasGemvTensorStridedBatched<const float>, cublasGemvTensorStridedBatched<const float>, cublasGemvTensorStridedBatched<float>, float>>(T13, T6, T6)"
8356944883,2144,5709,1,1,1,32,1,1,16,0.000,0.000,None,,None,None,NVIDIA A100-SXM4-80GB (0),1,20,fn_reshape_gs_bc_add_full_gs_bc_max__11008249055510313070_COND__FPA__FPA__FPA__FPA_S0MUL18ll_BPA_GE1ll_BPA_AND_FPA__FPA_S0MUL18ll_BPA_LE1023ll_BPA__BPA_AND_FPA__FPA_S0MUL18ll_BPA_LE2147483647ll_BPA__BPA___kernel
8356987251,3264,5712,3,1,1,4,32,1,159,0.000,0.001,None,,None,None,NVIDIA A100-SXM4-80GB (0),1,20,"std::enable_if<!T7, void>::type internal::gemvx::kernel<int, int, float, float, float, float, (bool)0, (bool)1, (bool)1, (bool)0, (int)7, (bool)0, cublasGemvParamsEx<int, cublasGemvTensorStridedBatched<const float>, cublasGemvTensorStridedBatched<const float>, cublasGemvTensorStridedBatched<float>, float>>(T13)"
8357004915,5632,5716,1090,1,1,256,1,1,20,0.000,0.000,None,,None,None,NVIDIA A100-SXM4-80GB (0),1,20,fn_reshape_gs_bc_add_full_full_full_full_gs_bc_mul_gs_bc_add_gs_bc_min_gs_bc_max_gs_bc_mul__17594470531925998404_COND__FPA__FPA__FPA__FPA__FPA_S0MULS1_BPA_MULS2_BPA_MUL72ll_BPA_GE1024ll_BPA_AND_FPA__FPA__FPA_S0MUL72ll_BPA_LE2147483647ll_BPA_AND_FPA__FPA__FPA__FPA_S0MULS1_BPA_MULS2_BPA_MUL72ll_BPA_LE2147483647ll_BPA__BPA__BPA___kernel
8357276210,16416,5722,5,1,1,32,16,1,26,0.000,0.000,None,,None,None,NVIDIA A100-SXM4-80GB (0),1,20,"void phi::VecReduceKernel<(int)512, (int)1, phi::ReduceExecutor<float, phi::kps::MeanOps<float, float, float>, float, (int)4, (int)4>>(T3)"
8357344913,3040,5726,3,1,1,128,1,1,47,0.002,0.000,None,,None,None,NVIDIA A100-SXM4-80GB (0),1,20,"void gemv2T_kernel_val<int, int, float, float, float, float, (int)128, (int)16, (int)2, (int)2, (bool)0, (bool)0, cublasGemvParamsEx<int, cublasGemvTensorStridedBatched<const float>, cublasGemvTensorStridedBatched<const float>, cublasGemvTensorStridedBatched<float>, float>>(T13, T6, T6)"
8357370705,2144,5730,1,1,1,32,1,1,16,0.000,0.000,None,,None,None,NVIDIA A100-SXM4-80GB (0),1,20,fn_reshape_gs_bc_add_full_gs_bc_max__11008249055510313070_COND__FPA__FPA__FPA__FPA_S0MUL18ll_BPA_GE1ll_BPA_AND_FPA__FPA_S0MUL18ll_BPA_LE1023ll_BPA__BPA_AND_FPA__FPA_S0MUL18ll_BPA_LE2147483647ll_BPA__BPA___kernel
8357412625,3296,5733,3,1,1,4,32,1,159,0.000,0.001,None,,None,None,NVIDIA A100-SXM4-80GB (0),1,20,"std::enable_if<!T7, void>::type internal::gemvx::kernel<int, int, float, float, float, float, (bool)0, (bool)1, (bool)1, (bool)0, (int)7, (bool)0, cublasGemvParamsEx<int, cublasGemvTensorStridedBatched<const float>, cublasGemvTensorStridedBatched<const float>, cublasGemvTensorStridedBatched<float>, float>>(T13)"
8357430609,5600,5737,1090,1,1,256,1,1,20,0.000,0.000,None,,None,None,NVIDIA A100-SXM4-80GB (0),1,20,fn_reshape_gs_bc_add_full_full_full_full_gs_bc_mul_gs_bc_add_gs_bc_min_gs_bc_max_gs_bc_mul__17594470531925998404_COND__FPA__FPA__FPA__FPA__FPA_S0MULS1_BPA_MULS2_BPA_MUL72ll_BPA_GE1024ll_BPA_AND_FPA__FPA__FPA_S0MUL72ll_BPA_LE2147483647ll_BPA_AND_FPA__FPA__FPA__FPA_S0MULS1_BPA_MULS2_BPA_MUL72ll_BPA_LE2147483647ll_BPA__BPA__BPA___kernel
8359100393,16640,5743,5,1,1,32,16,1,26,0.000,0.000,None,,None,None,NVIDIA A100-SXM4-80GB (0),1,20,"void phi::VecReduceKernel<(int)512, (int)1, phi::ReduceExecutor<float, phi::kps::MeanOps<float, float, float>, float, (int)4, (int)4>>(T3)"
8359172841,3040,5747,3,1,1,128,1,1,47,0.002,0.000,None,,None,None,NVIDIA A100-SXM4-80GB (0),1,20,"void gemv2T_kernel_val<int, int, float, float, float, float, (int)128, (int)16, (int)2, (int)2, (bool)0, (bool)0, cublasGemvParamsEx<int, cublasGemvTensorStridedBatched<const float>, cublasGemvTensorStridedBatched<const float>, cublasGemvTensorStridedBatched<float>, float>>(T13, T6, T6)"
8359197065,2144,5751,1,1,1,32,1,1,16,0.000,0.000,None,,None,None,NVIDIA A100-SXM4-80GB (0),1,20,fn_reshape_gs_bc_add_full_gs_bc_max__11008249055510313070_COND__FPA__FPA__FPA__FPA_S0MUL18ll_BPA_GE1ll_BPA_AND_FPA__FPA_S0MUL18ll_BPA_LE1023ll_BPA__BPA_AND_FPA__FPA_S0MUL18ll_BPA_LE2147483647ll_BPA__BPA___kernel
8359250121,3296,5754,3,1,1,4,32,1,159,0.000,0.001,None,,None,None,NVIDIA A100-SXM4-80GB (0),1,20,"std::enable_if<!T7, void>::type internal::gemvx::kernel<int, int, float, float, float, float, (bool)0, (bool)1, (bool)1, (bool)0, (int)7, (bool)0, cublasGemvParamsEx<int, cublasGemvTensorStridedBatched<const float>, cublasGemvTensorStridedBatched<const float>, cublasGemvTensorStridedBatched<float>, float>>(T13)"
8359269641,5632,5758,1090,1,1,256,1,1,20,0.000,0.000,None,,None,None,NVIDIA A100-SXM4-80GB (0),1,20,fn_reshape_gs_bc_add_full_full_full_full_gs_bc_mul_gs_bc_add_gs_bc_min_gs_bc_max_gs_bc_mul__17594470531925998404_COND__FPA__FPA__FPA__FPA__FPA_S0MULS1_BPA_MULS2_BPA_MUL72ll_BPA_GE1024ll_BPA_AND_FPA__FPA__FPA_S0MUL72ll_BPA_LE2147483647ll_BPA_AND_FPA__FPA__FPA__FPA_S0MULS1_BPA_MULS2_BPA_MUL72ll_BPA_LE2147483647ll_BPA__BPA__BPA___kernel
8359558759,16448,5764,5,1,1,32,16,1,26,0.000,0.000,None,,None,None,NVIDIA A100-SXM4-80GB (0),1,20,"void phi::VecReduceKernel<(int)512, (int)1, phi::ReduceExecutor<float, phi::kps::MeanOps<float, float, float>, float, (int)4, (int)4>>(T3)"
8359627943,3040,5768,3,1,1,128,1,1,47,0.002,0.000,None,,None,None,NVIDIA A100-SXM4-80GB (0),1,20,"void gemv2T_kernel_val<int, int, float, float, float, float, (int)128, (int)16, (int)2, (int)2, (bool)0, (bool)0, cublasGemvParamsEx<int, cublasGemvTensorStridedBatched<const float>, cublasGemvTensorStridedBatched<const float>, cublasGemvTensorStridedBatched<float>, float>>(T13, T6, T6)"
8359650983,2112,5772,1,1,1,32,1,1,16,0.000,0.000,None,,None,None,NVIDIA A100-SXM4-80GB (0),1,20,fn_reshape_gs_bc_add_full_gs_bc_max__11008249055510313070_COND__FPA__FPA__FPA__FPA_S0MUL18ll_BPA_GE1ll_BPA_AND_FPA__FPA_S0MUL18ll_BPA_LE1023ll_BPA__BPA_AND_FPA__FPA_S0MUL18ll_BPA_LE2147483647ll_BPA__BPA___kernel
8359695975,3296,5775,3,1,1,4,32,1,159,0.000,0.001,None,,None,None,NVIDIA A100-SXM4-80GB (0),1,20,"std::enable_if<!T7, void>::type internal::gemvx::kernel<int, int, float, float, float, float, (bool)0, (bool)1, (bool)1, (bool)0, (int)7, (bool)0, cublasGemvParamsEx<int, cublasGemvTensorStridedBatched<const float>, cublasGemvTensorStridedBatched<const float>, cublasGemvTensorStridedBatched<float>, float>>(T13)"
8359714183,5824,5779,1090,1,1,256,1,1,20,0.000,0.000,None,,None,None,NVIDIA A100-SXM4-80GB (0),1,20,fn_reshape_gs_bc_add_full_full_full_full_gs_bc_mul_gs_bc_add_gs_bc_min_gs_bc_max_gs_bc_mul__17594470531925998404_COND__FPA__FPA__FPA__FPA__FPA_S0MULS1_BPA_MULS2_BPA_MUL72ll_BPA_GE1024ll_BPA_AND_FPA__FPA__FPA_S0MUL72ll_BPA_LE2147483647ll_BPA_AND_FPA__FPA__FPA__FPA_S0MULS1_BPA_MULS2_BPA_MUL72ll_BPA_LE2147483647ll_BPA__BPA__BPA___kernel
8360006661,16448,5785,5,1,1,32,16,1,26,0.000,0.000,None,,None,None,NVIDIA A100-SXM4-80GB (0),1,20,"void phi::VecReduceKernel<(int)512, (int)1, phi::ReduceExecutor<float, phi::kps::MeanOps<float, float, float>, float, (int)4, (int)4>>(T3)"
8360074821,3040,5789,3,1,1,128,1,1,47,0.002,0.000,None,,None,None,NVIDIA A100-SXM4-80GB (0),1,20,"void gemv2T_kernel_val<int, int, float, float, float, float, (int)128, (int)16, (int)2, (int)2, (bool)0, (bool)0, cublasGemvParamsEx<int, cublasGemvTensorStridedBatched<const float>, cublasGemvTensorStridedBatched<const float>, cublasGemvTensorStridedBatched<float>, float>>(T13, T6, T6)"
8360098501,2176,5793,1,1,1,32,1,1,16,0.000,0.000,None,,None,None,NVIDIA A100-SXM4-80GB (0),1,20,fn_reshape_gs_bc_add_full_gs_bc_max__11008249055510313070_COND__FPA__FPA__FPA__FPA_S0MUL18ll_BPA_GE1ll_BPA_AND_FPA__FPA_S0MUL18ll_BPA_LE1023ll_BPA__BPA_AND_FPA__FPA_S0MUL18ll_BPA_LE2147483647ll_BPA__BPA___kernel
8360140677,3296,5796,3,1,1,4,32,1,159,0.000,0.001,None,,None,None,NVIDIA A100-SXM4-80GB (0),1,20,"std::enable_if<!T7, void>::type internal::gemvx::kernel<int, int, float, float, float, float, (bool)0, (bool)1, (bool)1, (bool)0, (int)7, (bool)0, cublasGemvParamsEx<int, cublasGemvTensorStridedBatched<const float>, cublasGemvTensorStridedBatched<const float>, cublasGemvTensorStridedBatched<float>, float>>(T13)"
8360158437,5600,5800,1090,1,1,256,1,1,20,0.000,0.000,None,,None,None,NVIDIA A100-SXM4-80GB (0),1,20,fn_reshape_gs_bc_add_full_full_full_full_gs_bc_mul_gs_bc_add_gs_bc_min_gs_bc_max_gs_bc_mul__17594470531925998404_COND__FPA__FPA__FPA__FPA__FPA_S0MULS1_BPA_MULS2_BPA_MUL72ll_BPA_GE1024ll_BPA_AND_FPA__FPA__FPA_S0MUL72ll_BPA_LE2147483647ll_BPA_AND_FPA__FPA__FPA__FPA_S0MULS1_BPA_MULS2_BPA_MUL72ll_BPA_LE2147483647ll_BPA__BPA__BPA___kernel
8360433411,16640,5806,5,1,1,32,16,1,26,0.000,0.000,None,,None,None,NVIDIA A100-SXM4-80GB (0),1,20,"void phi::VecReduceKernel<(int)512, (int)1, phi::ReduceExecutor<float, phi::kps::MeanOps<float, float, float>, float, (int)4, (int)4>>(T3)"
8360502627,3040,5810,3,1,1,128,1,1,47,0.002,0.000,None,,None,None,NVIDIA A100-SXM4-80GB (0),1,20,"void gemv2T_kernel_val<int, int, float, float, float, float, (int)128, (int)16, (int)2, (int)2, (bool)0, (bool)0, cublasGemvParamsEx<int, cublasGemvTensorStridedBatched<const float>, cublasGemvTensorStridedBatched<const float>, cublasGemvTensorStridedBatched<float>, float>>(T13, T6, T6)"
8360525731,2144,5814,1,1,1,32,1,1,16,0.000,0.000,None,,None,None,NVIDIA A100-SXM4-80GB (0),1,20,fn_reshape_gs_bc_add_full_gs_bc_max__11008249055510313070_COND__FPA__FPA__FPA__FPA_S0MUL18ll_BPA_GE1ll_BPA_AND_FPA__FPA_S0MUL18ll_BPA_LE1023ll_BPA__BPA_AND_FPA__FPA_S0MUL18ll_BPA_LE2147483647ll_BPA__BPA___kernel
8360567363,3264,5817,3,1,1,4,32,1,159,0.000,0.001,None,,None,None,NVIDIA A100-SXM4-80GB (0),1,20,"std::enable_if<!T7, void>::type internal::gemvx::kernel<int, int, float, float, float, float, (bool)0, (bool)1, (bool)1, (bool)0, (int)7, (bool)0, cublasGemvParamsEx<int, cublasGemvTensorStridedBatched<const float>, cublasGemvTensorStridedBatched<const float>, cublasGemvTensorStridedBatched<float>, float>>(T13)"
8360588035,5632,5821,1090,1,1,256,1,1,20,0.000,0.000,None,,None,None,NVIDIA A100-SXM4-80GB (0),1,20,fn_reshape_gs_bc_add_full_full_full_full_gs_bc_mul_gs_bc_add_gs_bc_min_gs_bc_max_gs_bc_mul__17594470531925998404_COND__FPA__FPA__FPA__FPA__FPA_S0MULS1_BPA_MULS2_BPA_MUL72ll_BPA_GE1024ll_BPA_AND_FPA__FPA__FPA_S0MUL72ll_BPA_LE2147483647ll_BPA_AND_FPA__FPA__FPA__FPA_S0MULS1_BPA_MULS2_BPA_MUL72ll_BPA_LE2147483647ll_BPA__BPA__BPA___kernel
8360885761,16480,5827,5,1,1,32,16,1,26,0.000,0.000,None,,None,None,NVIDIA A100-SXM4-80GB (0),1,20,"void phi::VecReduceKernel<(int)512, (int)1, phi::ReduceExecutor<float, phi::kps::MeanOps<float, float, float>, float, (int)4, (int)4>>(T3)"
8360955681,3040,5831,3,1,1,128,1,1,47,0.002,0.000,None,,None,None,NVIDIA A100-SXM4-80GB (0),1,20,"void gemv2T_kernel_val<int, int, float, float, float, float, (int)128, (int)16, (int)2, (int)2, (bool)0, (bool)0, cublasGemvParamsEx<int, cublasGemvTensorStridedBatched<const float>, cublasGemvTensorStridedBatched<const float>, cublasGemvTensorStridedBatched<float>, float>>(T13, T6, T6)"
8360978881,2144,5835,1,1,1,32,1,1,16,0.000,0.000,None,,None,None,NVIDIA A100-SXM4-80GB (0),1,20,fn_reshape_gs_bc_add_full_gs_bc_max__11008249055510313070_COND__FPA__FPA__FPA__FPA_S0MUL18ll_BPA_GE1ll_BPA_AND_FPA__FPA_S0MUL18ll_BPA_LE1023ll_BPA__BPA_AND_FPA__FPA_S0MUL18ll_BPA_LE2147483647ll_BPA__BPA___kernel
8361020353,3296,5838,3,1,1,4,32,1,159,0.000,0.001,None,,None,None,NVIDIA A100-SXM4-80GB (0),1,20,"std::enable_if<!T7, void>::type internal::gemvx::kernel<int, int, float, float, float, float, (bool)0, (bool)1, (bool)1, (bool)0, (int)7, (bool)0, cublasGemvParamsEx<int, cublasGemvTensorStridedBatched<const float>, cublasGemvTensorStridedBatched<const float>, cublasGemvTensorStridedBatched<float>, float>>(T13)"
8361038689,5632,5842,1090,1,1,256,1,1,20,0.000,0.000,None,,None,None,NVIDIA A100-SXM4-80GB (0),1,20,fn_reshape_gs_bc_add_full_full_full_full_gs_bc_mul_gs_bc_add_gs_bc_min_gs_bc_max_gs_bc_mul__17594470531925998404_COND__FPA__FPA__FPA__FPA__FPA_S0MULS1_BPA_MULS2_BPA_MUL72ll_BPA_GE1024ll_BPA_AND_FPA__FPA__FPA_S0MUL72ll_BPA_LE2147483647ll_BPA_AND_FPA__FPA__FPA__FPA_S0MULS1_BPA_MULS2_BPA_MUL72ll_BPA_LE2147483647ll_BPA__BPA__BPA___kernel
8361330687,16544,5848,5,1,1,32,16,1,26,0.000,0.000,None,,None,None,NVIDIA A100-SXM4-80GB (0),1,20,"void phi::VecReduceKernel<(int)512, (int)1, phi::ReduceExecutor<float, phi::kps::MeanOps<float, float, float>, float, (int)4, (int)4>>(T3)"
8361399231,3040,5852,3,1,1,128,1,1,47,0.002,0.000,None,,None,None,NVIDIA A100-SXM4-80GB (0),1,20,"void gemv2T_kernel_val<int, int, float, float, float, float, (int)128, (int)16, (int)2, (int)2, (bool)0, (bool)0, cublasGemvParamsEx<int, cublasGemvTensorStridedBatched<const float>, cublasGemvTensorStridedBatched<const float>, cublasGemvTensorStridedBatched<float>, float>>(T13, T6, T6)"
8361422591,2144,5856,1,1,1,32,1,1,16,0.000,0.000,None,,None,None,NVIDIA A100-SXM4-80GB (0),1,20,fn_reshape_gs_bc_add_full_gs_bc_max__11008249055510313070_COND__FPA__FPA__FPA__FPA_S0MUL18ll_BPA_GE1ll_BPA_AND_FPA__FPA_S0MUL18ll_BPA_LE1023ll_BPA__BPA_AND_FPA__FPA_S0MUL18ll_BPA_LE2147483647ll_BPA__BPA___kernel
8361464319,3296,5859,3,1,1,4,32,1,159,0.000,0.001,None,,None,None,NVIDIA A100-SXM4-80GB (0),1,20,"std::enable_if<!T7, void>::type internal::gemvx::kernel<int, int, float, float, float, float, (bool)0, (bool)1, (bool)1, (bool)0, (int)7, (bool)0, cublasGemvParamsEx<int, cublasGemvTensorStridedBatched<const float>, cublasGemvTensorStridedBatched<const float>, cublasGemvTensorStridedBatched<float>, float>>(T13)"
8361485215,5600,5863,1090,1,1,256,1,1,20,0.000,0.000,None,,None,None,NVIDIA A100-SXM4-80GB (0),1,20,fn_reshape_gs_bc_add_full_full_full_full_gs_bc_mul_gs_bc_add_gs_bc_min_gs_bc_max_gs_bc_mul__17594470531925998404_COND__FPA__FPA__FPA__FPA__FPA_S0MULS1_BPA_MULS2_BPA_MUL72ll_BPA_GE1024ll_BPA_AND_FPA__FPA__FPA_S0MUL72ll_BPA_LE2147483647ll_BPA_AND_FPA__FPA__FPA__FPA_S0MULS1_BPA_MULS2_BPA_MUL72ll_BPA_LE2147483647ll_BPA__BPA__BPA___kernel
8361769373,16544,5869,5,1,1,32,16,1,26,0.000,0.000,None,,None,None,NVIDIA A100-SXM4-80GB (0),1,20,"void phi::VecReduceKernel<(int)512, (int)1, phi::ReduceExecutor<float, phi::kps::MeanOps<float, float, float>, float, (int)4, (int)4>>(T3)"
8361839485,3008,5873,3,1,1,128,1,1,47,0.002,0.000,None,,None,None,NVIDIA A100-SXM4-80GB (0),1,20,"void gemv2T_kernel_val<int, int, float, float, float, float, (int)128, (int)16, (int)2, (int)2, (bool)0, (bool)0, cublasGemvParamsEx<int, cublasGemvTensorStridedBatched<const float>, cublasGemvTensorStridedBatched<const float>, cublasGemvTensorStridedBatched<float>, float>>(T13, T6, T6)"
8361863709,2144,5877,1,1,1,32,1,1,16,0.000,0.000,None,,None,None,NVIDIA A100-SXM4-80GB (0),1,20,fn_reshape_gs_bc_add_full_gs_bc_max__11008249055510313070_COND__FPA__FPA__FPA__FPA_S0MUL18ll_BPA_GE1ll_BPA_AND_FPA__FPA_S0MUL18ll_BPA_LE1023ll_BPA__BPA_AND_FPA__FPA_S0MUL18ll_BPA_LE2147483647ll_BPA__BPA___kernel
8361905693,3296,5880,3,1,1,4,32,1,159,0.000,0.001,None,,None,None,NVIDIA A100-SXM4-80GB (0),1,20,"std::enable_if<!T7, void>::type internal::gemvx::kernel<int, int, float, float, float, float, (bool)0, (bool)1, (bool)1, (bool)0, (int)7, (bool)0, cublasGemvParamsEx<int, cublasGemvTensorStridedBatched<const float>, cublasGemvTensorStridedBatched<const float>, cublasGemvTensorStridedBatched<float>, float>>(T13)"
8361923741,5824,5884,1090,1,1,256,1,1,20,0.000,0.000,None,,None,None,NVIDIA A100-SXM4-80GB (0),1,20,fn_reshape_gs_bc_add_full_full_full_full_gs_bc_mul_gs_bc_add_gs_bc_min_gs_bc_max_gs_bc_mul__17594470531925998404_COND__FPA__FPA__FPA__FPA__FPA_S0MULS1_BPA_MULS2_BPA_MUL72ll_BPA_GE1024ll_BPA_AND_FPA__FPA__FPA_S0MUL72ll_BPA_LE2147483647ll_BPA_AND_FPA__FPA__FPA__FPA_S0MULS1_BPA_MULS2_BPA_MUL72ll_BPA_LE2147483647ll_BPA__BPA__BPA___kernel
8362195132,16511,5890,5,1,1,32,16,1,26,0.000,0.000,None,,None,None,NVIDIA A100-SXM4-80GB (0),1,20,"void phi::VecReduceKernel<(int)512, (int)1, phi::ReduceExecutor<float, phi::kps::MeanOps<float, float, float>, float, (int)4, (int)4>>(T3)"
8362264507,3040,5894,3,1,1,128,1,1,47,0.002,0.000,None,,None,None,NVIDIA A100-SXM4-80GB (0),1,20,"void gemv2T_kernel_val<int, int, float, float, float, float, (int)128, (int)16, (int)2, (int)2, (bool)0, (bool)0, cublasGemvParamsEx<int, cublasGemvTensorStridedBatched<const float>, cublasGemvTensorStridedBatched<const float>, cublasGemvTensorStridedBatched<float>, float>>(T13, T6, T6)"
8362295643,2144,5898,1,1,1,32,1,1,16,0.000,0.000,None,,None,None,NVIDIA A100-SXM4-80GB (0),1,20,fn_reshape_gs_bc_add_full_gs_bc_max__11008249055510313070_COND__FPA__FPA__FPA__FPA_S0MUL18ll_BPA_GE1ll_BPA_AND_FPA__FPA_S0MUL18ll_BPA_LE1023ll_BPA__BPA_AND_FPA__FPA_S0MUL18ll_BPA_LE2147483647ll_BPA__BPA___kernel
8362338267,3264,5901,3,1,1,4,32,1,159,0.000,0.001,None,,None,None,NVIDIA A100-SXM4-80GB (0),1,20,"std::enable_if<!T7, void>::type internal::gemvx::kernel<int, int, float, float, float, float, (bool)0, (bool)1, (bool)1, (bool)0, (int)7, (bool)0, cublasGemvParamsEx<int, cublasGemvTensorStridedBatched<const float>, cublasGemvTensorStridedBatched<const float>, cublasGemvTensorStridedBatched<float>, float>>(T13)"
8362356411,5632,5905,1090,1,1,256,1,1,20,0.000,0.000,None,,None,None,NVIDIA A100-SXM4-80GB (0),1,20,fn_reshape_gs_bc_add_full_full_full_full_gs_bc_mul_gs_bc_add_gs_bc_min_gs_bc_max_gs_bc_mul__17594470531925998404_COND__FPA__FPA__FPA__FPA__FPA_S0MULS1_BPA_MULS2_BPA_MUL72ll_BPA_GE1024ll_BPA_AND_FPA__FPA__FPA_S0MUL72ll_BPA_LE2147483647ll_BPA_AND_FPA__FPA__FPA__FPA_S0MULS1_BPA_MULS2_BPA_MUL72ll_BPA_LE2147483647ll_BPA__BPA__BPA___kernel
8362637050,16576,5911,5,1,1,32,16,1,26,0.000,0.000,None,,None,None,NVIDIA A100-SXM4-80GB (0),1,20,"void phi::VecReduceKernel<(int)512, (int)1, phi::ReduceExecutor<float, phi::kps::MeanOps<float, float, float>, float, (int)4, (int)4>>(T3)"
8362706073,3040,5915,3,1,1,128,1,1,47,0.002,0.000,None,,None,None,NVIDIA A100-SXM4-80GB (0),1,20,"void gemv2T_kernel_val<int, int, float, float, float, float, (int)128, (int)16, (int)2, (int)2, (bool)0, (bool)0, cublasGemvParamsEx<int, cublasGemvTensorStridedBatched<const float>, cublasGemvTensorStridedBatched<const float>, cublasGemvTensorStridedBatched<float>, float>>(T13, T6, T6)"
8362729113,2144,5919,1,1,1,32,1,1,16,0.000,0.000,None,,None,None,NVIDIA A100-SXM4-80GB (0),1,20,fn_reshape_gs_bc_add_full_gs_bc_max__11008249055510313070_COND__FPA__FPA__FPA__FPA_S0MUL18ll_BPA_GE1ll_BPA_AND_FPA__FPA_S0MUL18ll_BPA_LE1023ll_BPA__BPA_AND_FPA__FPA_S0MUL18ll_BPA_LE2147483647ll_BPA__BPA___kernel
8362778329,3264,5922,3,1,1,4,32,1,159,0.000,0.001,None,,None,None,NVIDIA A100-SXM4-80GB (0),1,20,"std::enable_if<!T7, void>::type internal::gemvx::kernel<int, int, float, float, float, float, (bool)0, (bool)1, (bool)1, (bool)0, (int)7, (bool)0, cublasGemvParamsEx<int, cublasGemvTensorStridedBatched<const float>, cublasGemvTensorStridedBatched<const float>, cublasGemvTensorStridedBatched<float>, float>>(T13)"
8362797209,5664,5926,1090,1,1,256,1,1,20,0.000,0.000,None,,None,None,NVIDIA A100-SXM4-80GB (0),1,20,fn_reshape_gs_bc_add_full_full_full_full_gs_bc_mul_gs_bc_add_gs_bc_min_gs_bc_max_gs_bc_mul__17594470531925998404_COND__FPA__FPA__FPA__FPA__FPA_S0MULS1_BPA_MULS2_BPA_MUL72ll_BPA_GE1024ll_BPA_AND_FPA__FPA__FPA_S0MUL72ll_BPA_LE2147483647ll_BPA_AND_FPA__FPA__FPA__FPA_S0MULS1_BPA_MULS2_BPA_MUL72ll_BPA_LE2147483647ll_BPA__BPA__BPA___kernel
8363081303,16513,5932,5,1,1,32,16,1,26,0.000,0.000,None,,None,None,NVIDIA A100-SXM4-80GB (0),1,20,"void phi::VecReduceKernel<(int)512, (int)1, phi::ReduceExecutor<float, phi::kps::MeanOps<float, float, float>, float, (int)4, (int)4>>(T3)"
8363150263,3040,5936,3,1,1,128,1,1,47,0.002,0.000,None,,None,None,NVIDIA A100-SXM4-80GB (0),1,20,"void gemv2T_kernel_val<int, int, float, float, float, float, (int)128, (int)16, (int)2, (int)2, (bool)0, (bool)0, cublasGemvParamsEx<int, cublasGemvTensorStridedBatched<const float>, cublasGemvTensorStridedBatched<const float>, cublasGemvTensorStridedBatched<float>, float>>(T13, T6, T6)"
8363173143,2144,5940,1,1,1,32,1,1,16,0.000,0.000,None,,None,None,NVIDIA A100-SXM4-80GB (0),1,20,fn_reshape_gs_bc_add_full_gs_bc_max__11008249055510313070_COND__FPA__FPA__FPA__FPA_S0MUL18ll_BPA_GE1ll_BPA_AND_FPA__FPA_S0MUL18ll_BPA_LE1023ll_BPA__BPA_AND_FPA__FPA_S0MUL18ll_BPA_LE2147483647ll_BPA__BPA___kernel
8363214871,3296,5943,3,1,1,4,32,1,159,0.000,0.001,None,,None,None,NVIDIA A100-SXM4-80GB (0),1,20,"std::enable_if<!T7, void>::type internal::gemvx::kernel<int, int, float, float, float, float, (bool)0, (bool)1, (bool)1, (bool)0, (int)7, (bool)0, cublasGemvParamsEx<int, cublasGemvTensorStridedBatched<const float>, cublasGemvTensorStridedBatched<const float>, cublasGemvTensorStridedBatched<float>, float>>(T13)"
8363232887,5632,5947,1090,1,1,256,1,1,20,0.000,0.000,None,,None,None,NVIDIA A100-SXM4-80GB (0),1,20,fn_reshape_gs_bc_add_full_full_full_full_gs_bc_mul_gs_bc_add_gs_bc_min_gs_bc_max_gs_bc_mul__17594470531925998404_COND__FPA__FPA__FPA__FPA__FPA_S0MULS1_BPA_MULS2_BPA_MUL72ll_BPA_GE1024ll_BPA_AND_FPA__FPA__FPA_S0MUL72ll_BPA_LE2147483647ll_BPA_AND_FPA__FPA__FPA__FPA_S0MULS1_BPA_MULS2_BPA_MUL72ll_BPA_LE2147483647ll_BPA__BPA__BPA___kernel
8363503125,16480,5953,5,1,1,32,16,1,26,0.000,0.000,None,,None,None,NVIDIA A100-SXM4-80GB (0),1,20,"void phi::VecReduceKernel<(int)512, (int)1, phi::ReduceExecutor<float, phi::kps::MeanOps<float, float, float>, float, (int)4, (int)4>>(T3)"
8363573717,3040,5957,3,1,1,128,1,1,47,0.002,0.000,None,,None,None,NVIDIA A100-SXM4-80GB (0),1,20,"void gemv2T_kernel_val<int, int, float, float, float, float, (int)128, (int)16, (int)2, (int)2, (bool)0, (bool)0, cublasGemvParamsEx<int, cublasGemvTensorStridedBatched<const float>, cublasGemvTensorStridedBatched<const float>, cublasGemvTensorStridedBatched<float>, float>>(T13, T6, T6)"
8363597077,2144,5961,1,1,1,32,1,1,16,0.000,0.000,None,,None,None,NVIDIA A100-SXM4-80GB (0),1,20,fn_reshape_gs_bc_add_full_gs_bc_max__11008249055510313070_COND__FPA__FPA__FPA__FPA_S0MUL18ll_BPA_GE1ll_BPA_AND_FPA__FPA_S0MUL18ll_BPA_LE1023ll_BPA__BPA_AND_FPA__FPA_S0MUL18ll_BPA_LE2147483647ll_BPA__BPA___kernel
8363638133,3264,5964,3,1,1,4,32,1,159,0.000,0.001,None,,None,None,NVIDIA A100-SXM4-80GB (0),1,20,"std::enable_if<!T7, void>::type internal::gemvx::kernel<int, int, float, float, float, float, (bool)0, (bool)1, (bool)1, (bool)0, (int)7, (bool)0, cublasGemvParamsEx<int, cublasGemvTensorStridedBatched<const float>, cublasGemvTensorStridedBatched<const float>, cublasGemvTensorStridedBatched<float>, float>>(T13)"
8363655957,5600,5968,1090,1,1,256,1,1,20,0.000,0.000,None,,None,None,NVIDIA A100-SXM4-80GB (0),1,20,fn_reshape_gs_bc_add_full_full_full_full_gs_bc_mul_gs_bc_add_gs_bc_min_gs_bc_max_gs_bc_mul__17594470531925998404_COND__FPA__FPA__FPA__FPA__FPA_S0MULS1_BPA_MULS2_BPA_MUL72ll_BPA_GE1024ll_BPA_AND_FPA__FPA__FPA_S0MUL72ll_BPA_LE2147483647ll_BPA_AND_FPA__FPA__FPA__FPA_S0MULS1_BPA_MULS2_BPA_MUL72ll_BPA_LE2147483647ll_BPA__BPA__BPA___kernel
8363937684,16383,5974,5,1,1,32,16,1,26,0.000,0.000,None,,None,None,NVIDIA A100-SXM4-80GB (0),1,20,"void phi::VecReduceKernel<(int)512, (int)1, phi::ReduceExecutor<float, phi::kps::MeanOps<float, float, float>, float, (int)4, (int)4>>(T3)"
8364006963,3040,5978,3,1,1,128,1,1,47,0.002,0.000,None,,None,None,NVIDIA A100-SXM4-80GB (0),1,20,"void gemv2T_kernel_val<int, int, float, float, float, float, (int)128, (int)16, (int)2, (int)2, (bool)0, (bool)0, cublasGemvParamsEx<int, cublasGemvTensorStridedBatched<const float>, cublasGemvTensorStridedBatched<const float>, cublasGemvTensorStridedBatched<float>, float>>(T13, T6, T6)"
8364030035,2144,5982,1,1,1,32,1,1,16,0.000,0.000,None,,None,None,NVIDIA A100-SXM4-80GB (0),1,20,fn_reshape_gs_bc_add_full_gs_bc_max__11008249055510313070_COND__FPA__FPA__FPA__FPA_S0MUL18ll_BPA_GE1ll_BPA_AND_FPA__FPA_S0MUL18ll_BPA_LE1023ll_BPA__BPA_AND_FPA__FPA_S0MUL18ll_BPA_LE2147483647ll_BPA__BPA___kernel
8364071507,3264,5985,3,1,1,4,32,1,159,0.000,0.001,None,,None,None,NVIDIA A100-SXM4-80GB (0),1,20,"std::enable_if<!T7, void>::type internal::gemvx::kernel<int, int, float, float, float, float, (bool)0, (bool)1, (bool)1, (bool)0, (int)7, (bool)0, cublasGemvParamsEx<int, cublasGemvTensorStridedBatched<const float>, cublasGemvTensorStridedBatched<const float>, cublasGemvTensorStridedBatched<float>, float>>(T13)"
8364089683,5632,5989,1090,1,1,256,1,1,20,0.000,0.000,None,,None,None,NVIDIA A100-SXM4-80GB (0),1,20,fn_reshape_gs_bc_add_full_full_full_full_gs_bc_mul_gs_bc_add_gs_bc_min_gs_bc_max_gs_bc_mul__17594470531925998404_COND__FPA__FPA__FPA__FPA__FPA_S0MULS1_BPA_MULS2_BPA_MUL72ll_BPA_GE1024ll_BPA_AND_FPA__FPA__FPA_S0MUL72ll_BPA_LE2147483647ll_BPA_AND_FPA__FPA__FPA__FPA_S0MULS1_BPA_MULS2_BPA_MUL72ll_BPA_LE2147483647ll_BPA__BPA__BPA___kernel
8364362738,16544,5995,5,1,1,32,16,1,26,0.000,0.000,None,,None,None,NVIDIA A100-SXM4-80GB (0),1,20,"void phi::VecReduceKernel<(int)512, (int)1, phi::ReduceExecutor<float, phi::kps::MeanOps<float, float, float>, float, (int)4, (int)4>>(T3)"
8364433746,3040,5999,3,1,1,128,1,1,47,0.002,0.000,None,,None,None,NVIDIA A100-SXM4-80GB (0),1,20,"void gemv2T_kernel_val<int, int, float, float, float, float, (int)128, (int)16, (int)2, (int)2, (bool)0, (bool)0, cublasGemvParamsEx<int, cublasGemvTensorStridedBatched<const float>, cublasGemvTensorStridedBatched<const float>, cublasGemvTensorStridedBatched<float>, float>>(T13, T6, T6)"
8364456337,2144,6003,1,1,1,32,1,1,16,0.000,0.000,None,,None,None,NVIDIA A100-SXM4-80GB (0),1,20,fn_reshape_gs_bc_add_full_gs_bc_max__11008249055510313070_COND__FPA__FPA__FPA__FPA_S0MUL18ll_BPA_GE1ll_BPA_AND_FPA__FPA_S0MUL18ll_BPA_LE1023ll_BPA__BPA_AND_FPA__FPA_S0MUL18ll_BPA_LE2147483647ll_BPA__BPA___kernel
8364497041,3264,6006,3,1,1,4,32,1,159,0.000,0.001,None,,None,None,NVIDIA A100-SXM4-80GB (0),1,20,"std::enable_if<!T7, void>::type internal::gemvx::kernel<int, int, float, float, float, float, (bool)0, (bool)1, (bool)1, (bool)0, (int)7, (bool)0, cublasGemvParamsEx<int, cublasGemvTensorStridedBatched<const float>, cublasGemvTensorStridedBatched<const float>, cublasGemvTensorStridedBatched<float>, float>>(T13)"
8364515537,5600,6010,1090,1,1,256,1,1,20,0.000,0.000,None,,None,None,NVIDIA A100-SXM4-80GB (0),1,20,fn_reshape_gs_bc_add_full_full_full_full_gs_bc_mul_gs_bc_add_gs_bc_min_gs_bc_max_gs_bc_mul__17594470531925998404_COND__FPA__FPA__FPA__FPA__FPA_S0MULS1_BPA_MULS2_BPA_MUL72ll_BPA_GE1024ll_BPA_AND_FPA__FPA__FPA_S0MUL72ll_BPA_LE2147483647ll_BPA_AND_FPA__FPA__FPA__FPA_S0MULS1_BPA_MULS2_BPA_MUL72ll_BPA_LE2147483647ll_BPA__BPA__BPA___kernel
8364802288,16416,6016,5,1,1,32,16,1,26,0.000,0.000,None,,None,None,NVIDIA A100-SXM4-80GB (0),1,20,"void phi::VecReduceKernel<(int)512, (int)1, phi::ReduceExecutor<float, phi::kps::MeanOps<float, float, float>, float, (int)4, (int)4>>(T3)"
8364870351,3073,6020,3,1,1,128,1,1,47,0.002,0.000,None,,None,None,NVIDIA A100-SXM4-80GB (0),1,20,"void gemv2T_kernel_val<int, int, float, float, float, float, (int)128, (int)16, (int)2, (int)2, (bool)0, (bool)0, cublasGemvParamsEx<int, cublasGemvTensorStridedBatched<const float>, cublasGemvTensorStridedBatched<const float>, cublasGemvTensorStridedBatched<float>, float>>(T13, T6, T6)"
8364893551,2176,6024,1,1,1,32,1,1,16,0.000,0.000,None,,None,None,NVIDIA A100-SXM4-80GB (0),1,20,fn_reshape_gs_bc_add_full_gs_bc_max__11008249055510313070_COND__FPA__FPA__FPA__FPA_S0MUL18ll_BPA_GE1ll_BPA_AND_FPA__FPA_S0MUL18ll_BPA_LE1023ll_BPA__BPA_AND_FPA__FPA_S0MUL18ll_BPA_LE2147483647ll_BPA__BPA___kernel
8364935183,3296,6027,3,1,1,4,32,1,159,0.000,0.001,None,,None,None,NVIDIA A100-SXM4-80GB (0),1,20,"std::enable_if<!T7, void>::type internal::gemvx::kernel<int, int, float, float, float, float, (bool)0, (bool)1, (bool)1, (bool)0, (int)7, (bool)0, cublasGemvParamsEx<int, cublasGemvTensorStridedBatched<const float>, cublasGemvTensorStridedBatched<const float>, cublasGemvTensorStridedBatched<float>, float>>(T13)"
8364953359,5632,6031,1090,1,1,256,1,1,20,0.000,0.000,None,,None,None,NVIDIA A100-SXM4-80GB (0),1,20,fn_reshape_gs_bc_add_full_full_full_full_gs_bc_mul_gs_bc_add_gs_bc_min_gs_bc_max_gs_bc_mul__17594470531925998404_COND__FPA__FPA__FPA__FPA__FPA_S0MULS1_BPA_MULS2_BPA_MUL72ll_BPA_GE1024ll_BPA_AND_FPA__FPA__FPA_S0MUL72ll_BPA_LE2147483647ll_BPA_AND_FPA__FPA__FPA__FPA_S0MULS1_BPA_MULS2_BPA_MUL72ll_BPA_LE2147483647ll_BPA__BPA__BPA___kernel
8365227982,16480,6037,5,1,1,32,16,1,26,0.000,0.000,None,,None,None,NVIDIA A100-SXM4-80GB (0),1,20,"void phi::VecReduceKernel<(int)512, (int)1, phi::ReduceExecutor<float, phi::kps::MeanOps<float, float, float>, float, (int)4, (int)4>>(T3)"
8365304045,3040,6041,3,1,1,128,1,1,47,0.002,0.000,None,,None,None,NVIDIA A100-SXM4-80GB (0),1,20,"void gemv2T_kernel_val<int, int, float, float, float, float, (int)128, (int)16, (int)2, (int)2, (bool)0, (bool)0, cublasGemvParamsEx<int, cublasGemvTensorStridedBatched<const float>, cublasGemvTensorStridedBatched<const float>, cublasGemvTensorStridedBatched<float>, float>>(T13, T6, T6)"
8365331214,2143,6045,1,1,1,32,1,1,16,0.000,0.000,None,,None,None,NVIDIA A100-SXM4-80GB (0),1,20,fn_reshape_gs_bc_add_full_gs_bc_max__11008249055510313070_COND__FPA__FPA__FPA__FPA_S0MUL18ll_BPA_GE1ll_BPA_AND_FPA__FPA_S0MUL18ll_BPA_LE1023ll_BPA__BPA_AND_FPA__FPA_S0MUL18ll_BPA_LE2147483647ll_BPA__BPA___kernel
8365374925,3264,6048,3,1,1,4,32,1,159,0.000,0.001,None,,None,None,NVIDIA A100-SXM4-80GB (0),1,20,"std::enable_if<!T7, void>::type internal::gemvx::kernel<int, int, float, float, float, float, (bool)0, (bool)1, (bool)1, (bool)0, (int)7, (bool)0, cublasGemvParamsEx<int, cublasGemvTensorStridedBatched<const float>, cublasGemvTensorStridedBatched<const float>, cublasGemvTensorStridedBatched<float>, float>>(T13)"
8365392909,5632,6052,1090,1,1,256,1,1,20,0.000,0.000,None,,None,None,NVIDIA A100-SXM4-80GB (0),1,20,fn_reshape_gs_bc_add_full_full_full_full_gs_bc_mul_gs_bc_add_gs_bc_min_gs_bc_max_gs_bc_mul__17594470531925998404_COND__FPA__FPA__FPA__FPA__FPA_S0MULS1_BPA_MULS2_BPA_MUL72ll_BPA_GE1024ll_BPA_AND_FPA__FPA__FPA_S0MUL72ll_BPA_LE2147483647ll_BPA_AND_FPA__FPA__FPA__FPA_S0MULS1_BPA_MULS2_BPA_MUL72ll_BPA_LE2147483647ll_BPA__BPA__BPA___kernel
8365666636,16480,6058,5,1,1,32,16,1,26,0.000,0.000,None,,None,None,NVIDIA A100-SXM4-80GB (0),1,20,"void phi::VecReduceKernel<(int)512, (int)1, phi::ReduceExecutor<float, phi::kps::MeanOps<float, float, float>, float, (int)4, (int)4>>(T3)"
8365736459,3040,6062,3,1,1,128,1,1,47,0.002,0.000,None,,None,None,NVIDIA A100-SXM4-80GB (0),1,20,"void gemv2T_kernel_val<int, int, float, float, float, float, (int)128, (int)16, (int)2, (int)2, (bool)0, (bool)0, cublasGemvParamsEx<int, cublasGemvTensorStridedBatched<const float>, cublasGemvTensorStridedBatched<const float>, cublasGemvTensorStridedBatched<float>, float>>(T13, T6, T6)"
8365775052,2176,6066,1,1,1,32,1,1,16,0.000,0.000,None,,None,None,NVIDIA A100-SXM4-80GB (0),1,20,fn_reshape_gs_bc_add_full_gs_bc_max__11008249055510313070_COND__FPA__FPA__FPA__FPA_S0MUL18ll_BPA_GE1ll_BPA_AND_FPA__FPA_S0MUL18ll_BPA_LE1023ll_BPA__BPA_AND_FPA__FPA_S0MUL18ll_BPA_LE2147483647ll_BPA__BPA___kernel
8365820011,3296,6069,3,1,1,4,32,1,159,0.000,0.001,None,,None,None,NVIDIA A100-SXM4-80GB (0),1,20,"std::enable_if<!T7, void>::type internal::gemvx::kernel<int, int, float, float, float, float, (bool)0, (bool)1, (bool)1, (bool)0, (int)7, (bool)0, cublasGemvParamsEx<int, cublasGemvTensorStridedBatched<const float>, cublasGemvTensorStridedBatched<const float>, cublasGemvTensorStridedBatched<float>, float>>(T13)"
8365838187,5600,6073,1090,1,1,256,1,1,20,0.000,0.000,None,,None,None,NVIDIA A100-SXM4-80GB (0),1,20,fn_reshape_gs_bc_add_full_full_full_full_gs_bc_mul_gs_bc_add_gs_bc_min_gs_bc_max_gs_bc_mul__17594470531925998404_COND__FPA__FPA__FPA__FPA__FPA_S0MULS1_BPA_MULS2_BPA_MUL72ll_BPA_GE1024ll_BPA_AND_FPA__FPA__FPA_S0MUL72ll_BPA_LE2147483647ll_BPA_AND_FPA__FPA__FPA__FPA_S0MULS1_BPA_MULS2_BPA_MUL72ll_BPA_LE2147483647ll_BPA__BPA__BPA___kernel
8366115050,16480,6079,5,1,1,32,16,1,26,0.000,0.000,None,,None,None,NVIDIA A100-SXM4-80GB (0),1,20,"void phi::VecReduceKernel<(int)512, (int)1, phi::ReduceExecutor<float, phi::kps::MeanOps<float, float, float>, float, (int)4, (int)4>>(T3)"
8366184553,3040,6083,3,1,1,128,1,1,47,0.002,0.000,None,,None,None,NVIDIA A100-SXM4-80GB (0),1,20,"void gemv2T_kernel_val<int, int, float, float, float, float, (int)128, (int)16, (int)2, (int)2, (bool)0, (bool)0, cublasGemvParamsEx<int, cublasGemvTensorStridedBatched<const float>, cublasGemvTensorStridedBatched<const float>, cublasGemvTensorStridedBatched<float>, float>>(T13, T6, T6)"
8366207689,2144,6087,1,1,1,32,1,1,16,0.000,0.000,None,,None,None,NVIDIA A100-SXM4-80GB (0),1,20,fn_reshape_gs_bc_add_full_gs_bc_max__11008249055510313070_COND__FPA__FPA__FPA__FPA_S0MUL18ll_BPA_GE1ll_BPA_AND_FPA__FPA_S0MUL18ll_BPA_LE1023ll_BPA__BPA_AND_FPA__FPA_S0MUL18ll_BPA_LE2147483647ll_BPA__BPA___kernel
8366252617,3264,6090,3,1,1,4,32,1,159,0.000,0.001,None,,None,None,NVIDIA A100-SXM4-80GB (0),1,20,"std::enable_if<!T7, void>::type internal::gemvx::kernel<int, int, float, float, float, float, (bool)0, (bool)1, (bool)1, (bool)0, (int)7, (bool)0, cublasGemvParamsEx<int, cublasGemvTensorStridedBatched<const float>, cublasGemvTensorStridedBatched<const float>, cublasGemvTensorStridedBatched<float>, float>>(T13)"
8366270889,5760,6094,1090,1,1,256,1,1,20,0.000,0.000,None,,None,None,NVIDIA A100-SXM4-80GB (0),1,20,fn_reshape_gs_bc_add_full_full_full_full_gs_bc_mul_gs_bc_add_gs_bc_min_gs_bc_max_gs_bc_mul__17594470531925998404_COND__FPA__FPA__FPA__FPA__FPA_S0MULS1_BPA_MULS2_BPA_MUL72ll_BPA_GE1024ll_BPA_AND_FPA__FPA__FPA_S0MUL72ll_BPA_LE2147483647ll_BPA_AND_FPA__FPA__FPA__FPA_S0MULS1_BPA_MULS2_BPA_MUL72ll_BPA_LE2147483647ll_BPA__BPA__BPA___kernel
8366550792,16448,6100,5,1,1,32,16,1,26,0.000,0.000,None,,None,None,NVIDIA A100-SXM4-80GB (0),1,20,"void phi::VecReduceKernel<(int)512, (int)1, phi::ReduceExecutor<float, phi::kps::MeanOps<float, float, float>, float, (int)4, (int)4>>(T3)"
8366619208,3040,6104,3,1,1,128,1,1,47,0.002,0.000,None,,None,None,NVIDIA A100-SXM4-80GB (0),1,20,"void gemv2T_kernel_val<int, int, float, float, float, float, (int)128, (int)16, (int)2, (int)2, (bool)0, (bool)0, cublasGemvParamsEx<int, cublasGemvTensorStridedBatched<const float>, cublasGemvTensorStridedBatched<const float>, cublasGemvTensorStridedBatched<float>, float>>(T13, T6, T6)"
8366643143,2144,6108,1,1,1,32,1,1,16,0.000,0.000,None,,None,None,NVIDIA A100-SXM4-80GB (0),1,20,fn_reshape_gs_bc_add_full_gs_bc_max__11008249055510313070_COND__FPA__FPA__FPA__FPA_S0MUL18ll_BPA_GE1ll_BPA_AND_FPA__FPA_S0MUL18ll_BPA_LE1023ll_BPA__BPA_AND_FPA__FPA_S0MUL18ll_BPA_LE2147483647ll_BPA__BPA___kernel
8366693639,3264,6111,3,1,1,4,32,1,159,0.000,0.001,None,,None,None,NVIDIA A100-SXM4-80GB (0),1,20,"std::enable_if<!T7, void>::type internal::gemvx::kernel<int, int, float, float, float, float, (bool)0, (bool)1, (bool)1, (bool)0, (int)7, (bool)0, cublasGemvParamsEx<int, cublasGemvTensorStridedBatched<const float>, cublasGemvTensorStridedBatched<const float>, cublasGemvTensorStridedBatched<float>, float>>(T13)"
8366712295,5632,6115,1090,1,1,256,1,1,20,0.000,0.000,None,,None,None,NVIDIA A100-SXM4-80GB (0),1,20,fn_reshape_gs_bc_add_full_full_full_full_gs_bc_mul_gs_bc_add_gs_bc_min_gs_bc_max_gs_bc_mul__17594470531925998404_COND__FPA__FPA__FPA__FPA__FPA_S0MULS1_BPA_MULS2_BPA_MUL72ll_BPA_GE1024ll_BPA_AND_FPA__FPA__FPA_S0MUL72ll_BPA_LE2147483647ll_BPA_AND_FPA__FPA__FPA__FPA_S0MULS1_BPA_MULS2_BPA_MUL72ll_BPA_LE2147483647ll_BPA__BPA__BPA___kernel
8366993126,16384,6121,5,1,1,32,16,1,26,0.000,0.000,None,,None,None,NVIDIA A100-SXM4-80GB (0),1,20,"void phi::VecReduceKernel<(int)512, (int)1, phi::ReduceExecutor<float, phi::kps::MeanOps<float, float, float>, float, (int)4, (int)4>>(T3)"
8367062374,3040,6125,3,1,1,128,1,1,47,0.002,0.000,None,,None,None,NVIDIA A100-SXM4-80GB (0),1,20,"void gemv2T_kernel_val<int, int, float, float, float, float, (int)128, (int)16, (int)2, (int)2, (bool)0, (bool)0, cublasGemvParamsEx<int, cublasGemvTensorStridedBatched<const float>, cublasGemvTensorStridedBatched<const float>, cublasGemvTensorStridedBatched<float>, float>>(T13, T6, T6)"
8367085669,2144,6129,1,1,1,32,1,1,16,0.000,0.000,None,,None,None,NVIDIA A100-SXM4-80GB (0),1,20,fn_reshape_gs_bc_add_full_gs_bc_max__11008249055510313070_COND__FPA__FPA__FPA__FPA_S0MUL18ll_BPA_GE1ll_BPA_AND_FPA__FPA_S0MUL18ll_BPA_LE1023ll_BPA__BPA_AND_FPA__FPA_S0MUL18ll_BPA_LE2147483647ll_BPA__BPA___kernel
8367127141,3296,6132,3,1,1,4,32,1,159,0.000,0.001,None,,None,None,NVIDIA A100-SXM4-80GB (0),1,20,"std::enable_if<!T7, void>::type internal::gemvx::kernel<int, int, float, float, float, float, (bool)0, (bool)1, (bool)1, (bool)0, (int)7, (bool)0, cublasGemvParamsEx<int, cublasGemvTensorStridedBatched<const float>, cublasGemvTensorStridedBatched<const float>, cublasGemvTensorStridedBatched<float>, float>>(T13)"
8367148005,5696,6136,1090,1,1,256,1,1,20,0.000,0.000,None,,None,None,NVIDIA A100-SXM4-80GB (0),1,20,fn_reshape_gs_bc_add_full_full_full_full_gs_bc_mul_gs_bc_add_gs_bc_min_gs_bc_max_gs_bc_mul__17594470531925998404_COND__FPA__FPA__FPA__FPA__FPA_S0MULS1_BPA_MULS2_BPA_MUL72ll_BPA_GE1024ll_BPA_AND_FPA__FPA__FPA_S0MUL72ll_BPA_LE2147483647ll_BPA_AND_FPA__FPA__FPA__FPA_S0MULS1_BPA_MULS2_BPA_MUL72ll_BPA_LE2147483647ll_BPA__BPA__BPA___kernel
8367419044,16416,6142,5,1,1,32,16,1,26,0.000,0.000,None,,None,None,NVIDIA A100-SXM4-80GB (0),1,20,"void phi::VecReduceKernel<(int)512, (int)1, phi::ReduceExecutor<float, phi::kps::MeanOps<float, float, float>, float, (int)4, (int)4>>(T3)"
8367487236,3040,6146,3,1,1,128,1,1,47,0.002,0.000,None,,None,None,NVIDIA A100-SXM4-80GB (0),1,20,"void gemv2T_kernel_val<int, int, float, float, float, float, (int)128, (int)16, (int)2, (int)2, (bool)0, (bool)0, cublasGemvParamsEx<int, cublasGemvTensorStridedBatched<const float>, cublasGemvTensorStridedBatched<const float>, cublasGemvTensorStridedBatched<float>, float>>(T13, T6, T6)"
8367510532,2176,6150,1,1,1,32,1,1,16,0.000,0.000,None,,None,None,NVIDIA A100-SXM4-80GB (0),1,20,fn_reshape_gs_bc_add_full_gs_bc_max__11008249055510313070_COND__FPA__FPA__FPA__FPA_S0MUL18ll_BPA_GE1ll_BPA_AND_FPA__FPA_S0MUL18ll_BPA_LE1023ll_BPA__BPA_AND_FPA__FPA_S0MUL18ll_BPA_LE2147483647ll_BPA__BPA___kernel
8367550979,3296,6153,3,1,1,4,32,1,159,0.000,0.001,None,,None,None,NVIDIA A100-SXM4-80GB (0),1,20,"std::enable_if<!T7, void>::type internal::gemvx::kernel<int, int, float, float, float, float, (bool)0, (bool)1, (bool)1, (bool)0, (int)7, (bool)0, cublasGemvParamsEx<int, cublasGemvTensorStridedBatched<const float>, cublasGemvTensorStridedBatched<const float>, cublasGemvTensorStridedBatched<float>, float>>(T13)"
8367569091,5664,6157,1090,1,1,256,1,1,20,0.000,0.000,None,,None,None,NVIDIA A100-SXM4-80GB (0),1,20,fn_reshape_gs_bc_add_full_full_full_full_gs_bc_mul_gs_bc_add_gs_bc_min_gs_bc_max_gs_bc_mul__17594470531925998404_COND__FPA__FPA__FPA__FPA__FPA_S0MULS1_BPA_MULS2_BPA_MUL72ll_BPA_GE1024ll_BPA_AND_FPA__FPA__FPA_S0MUL72ll_BPA_LE2147483647ll_BPA_AND_FPA__FPA__FPA__FPA_S0MULS1_BPA_MULS2_BPA_MUL72ll_BPA_LE2147483647ll_BPA__BPA__BPA___kernel
8367848194,16544,6163,5,1,1,32,16,1,26,0.000,0.000,None,,None,None,NVIDIA A100-SXM4-80GB (0),1,20,"void phi::VecReduceKernel<(int)512, (int)1, phi::ReduceExecutor<float, phi::kps::MeanOps<float, float, float>, float, (int)4, (int)4>>(T3)"
8367916994,3040,6167,3,1,1,128,1,1,47,0.002,0.000,None,,None,None,NVIDIA A100-SXM4-80GB (0),1,20,"void gemv2T_kernel_val<int, int, float, float, float, float, (int)128, (int)16, (int)2, (int)2, (bool)0, (bool)0, cublasGemvParamsEx<int, cublasGemvTensorStridedBatched<const float>, cublasGemvTensorStridedBatched<const float>, cublasGemvTensorStridedBatched<float>, float>>(T13, T6, T6)"
8367939618,2144,6171,1,1,1,32,1,1,16,0.000,0.000,None,,None,None,NVIDIA A100-SXM4-80GB (0),1,20,fn_reshape_gs_bc_add_full_gs_bc_max__11008249055510313070_COND__FPA__FPA__FPA__FPA_S0MUL18ll_BPA_GE1ll_BPA_AND_FPA__FPA_S0MUL18ll_BPA_LE1023ll_BPA__BPA_AND_FPA__FPA_S0MUL18ll_BPA_LE2147483647ll_BPA__BPA___kernel
8367984481,3264,6174,3,1,1,4,32,1,159,0.000,0.001,None,,None,None,NVIDIA A100-SXM4-80GB (0),1,20,"std::enable_if<!T7, void>::type internal::gemvx::kernel<int, int, float, float, float, float, (bool)0, (bool)1, (bool)1, (bool)0, (int)7, (bool)0, cublasGemvParamsEx<int, cublasGemvTensorStridedBatched<const float>, cublasGemvTensorStridedBatched<const float>, cublasGemvTensorStridedBatched<float>, float>>(T13)"
8368002977,5601,6178,1090,1,1,256,1,1,20,0.000,0.000,None,,None,None,NVIDIA A100-SXM4-80GB (0),1,20,fn_reshape_gs_bc_add_full_full_full_full_gs_bc_mul_gs_bc_add_gs_bc_min_gs_bc_max_gs_bc_mul__17594470531925998404_COND__FPA__FPA__FPA__FPA__FPA_S0MULS1_BPA_MULS2_BPA_MUL72ll_BPA_GE1024ll_BPA_AND_FPA__FPA__FPA_S0MUL72ll_BPA_LE2147483647ll_BPA_AND_FPA__FPA__FPA__FPA_S0MULS1_BPA_MULS2_BPA_MUL72ll_BPA_LE2147483647ll_BPA__BPA__BPA___kernel
8368282144,16448,6184,5,1,1,32,16,1,26,0.000,0.000,None,,None,None,NVIDIA A100-SXM4-80GB (0),1,20,"void phi::VecReduceKernel<(int)512, (int)1, phi::ReduceExecutor<float, phi::kps::MeanOps<float, float, float>, float, (int)4, (int)4>>(T3)"
8368350848,3040,6188,3,1,1,128,1,1,47,0.002,0.000,None,,None,None,NVIDIA A100-SXM4-80GB (0),1,20,"void gemv2T_kernel_val<int, int, float, float, float, float, (int)128, (int)16, (int)2, (int)2, (bool)0, (bool)0, cublasGemvParamsEx<int, cublasGemvTensorStridedBatched<const float>, cublasGemvTensorStridedBatched<const float>, cublasGemvTensorStridedBatched<float>, float>>(T13, T6, T6)"
8368373888,2144,6192,1,1,1,32,1,1,16,0.000,0.000,None,,None,None,NVIDIA A100-SXM4-80GB (0),1,20,fn_reshape_gs_bc_add_full_gs_bc_max__11008249055510313070_COND__FPA__FPA__FPA__FPA_S0MUL18ll_BPA_GE1ll_BPA_AND_FPA__FPA_S0MUL18ll_BPA_LE1023ll_BPA__BPA_AND_FPA__FPA_S0MUL18ll_BPA_LE2147483647ll_BPA__BPA___kernel
8368414527,3264,6195,3,1,1,4,32,1,159,0.000,0.001,None,,None,None,NVIDIA A100-SXM4-80GB (0),1,20,"std::enable_if<!T7, void>::type internal::gemvx::kernel<int, int, float, float, float, float, (bool)0, (bool)1, (bool)1, (bool)0, (int)7, (bool)0, cublasGemvParamsEx<int, cublasGemvTensorStridedBatched<const float>, cublasGemvTensorStridedBatched<const float>, cublasGemvTensorStridedBatched<float>, float>>(T13)"
8368433375,5632,6199,1090,1,1,256,1,1,20,0.000,0.000,None,,None,None,NVIDIA A100-SXM4-80GB (0),1,20,fn_reshape_gs_bc_add_full_full_full_full_gs_bc_mul_gs_bc_add_gs_bc_min_gs_bc_max_gs_bc_mul__17594470531925998404_COND__FPA__FPA__FPA__FPA__FPA_S0MULS1_BPA_MULS2_BPA_MUL72ll_BPA_GE1024ll_BPA_AND_FPA__FPA__FPA_S0MUL72ll_BPA_LE2147483647ll_BPA_AND_FPA__FPA__FPA__FPA_S0MULS1_BPA_MULS2_BPA_MUL72ll_BPA_LE2147483647ll_BPA__BPA__BPA___kernel
8368709566,16480,6205,5,1,1,32,16,1,26,0.000,0.000,None,,None,None,NVIDIA A100-SXM4-80GB (0),1,20,"void phi::VecReduceKernel<(int)512, (int)1, phi::ReduceExecutor<float, phi::kps::MeanOps<float, float, float>, float, (int)4, (int)4>>(T3)"
8368784990,3040,6209,3,1,1,128,1,1,47,0.002,0.000,None,,None,None,NVIDIA A100-SXM4-80GB (0),1,20,"void gemv2T_kernel_val<int, int, float, float, float, float, (int)128, (int)16, (int)2, (int)2, (bool)0, (bool)0, cublasGemvParamsEx<int, cublasGemvTensorStridedBatched<const float>, cublasGemvTensorStridedBatched<const float>, cublasGemvTensorStridedBatched<float>, float>>(T13, T6, T6)"
8368808286,2144,6213,1,1,1,32,1,1,16,0.000,0.000,None,,None,None,NVIDIA A100-SXM4-80GB (0),1,20,fn_reshape_gs_bc_add_full_gs_bc_max__11008249055510313070_COND__FPA__FPA__FPA__FPA_S0MUL18ll_BPA_GE1ll_BPA_AND_FPA__FPA_S0MUL18ll_BPA_LE1023ll_BPA__BPA_AND_FPA__FPA_S0MUL18ll_BPA_LE2147483647ll_BPA__BPA___kernel
8368850046,3264,6216,3,1,1,4,32,1,159,0.000,0.001,None,,None,None,NVIDIA A100-SXM4-80GB (0),1,20,"std::enable_if<!T7, void>::type internal::gemvx::kernel<int, int, float, float, float, float, (bool)0, (bool)1, (bool)1, (bool)0, (int)7, (bool)0, cublasGemvParamsEx<int, cublasGemvTensorStridedBatched<const float>, cublasGemvTensorStridedBatched<const float>, cublasGemvTensorStridedBatched<float>, float>>(T13)"
8368867741,5632,6220,1090,1,1,256,1,1,20,0.000,0.000,None,,None,None,NVIDIA A100-SXM4-80GB (0),1,20,fn_reshape_gs_bc_add_full_full_full_full_gs_bc_mul_gs_bc_add_gs_bc_min_gs_bc_max_gs_bc_mul__17594470531925998404_COND__FPA__FPA__FPA__FPA__FPA_S0MULS1_BPA_MULS2_BPA_MUL72ll_BPA_GE1024ll_BPA_AND_FPA__FPA__FPA_S0MUL72ll_BPA_LE2147483647ll_BPA_AND_FPA__FPA__FPA__FPA_S0MULS1_BPA_MULS2_BPA_MUL72ll_BPA_LE2147483647ll_BPA__BPA__BPA___kernel
8369141948,16480,6226,5,1,1,32,16,1,26,0.000,0.000,None,,None,None,NVIDIA A100-SXM4-80GB (0),1,20,"void phi::VecReduceKernel<(int)512, (int)1, phi::ReduceExecutor<float, phi::kps::MeanOps<float, float, float>, float, (int)4, (int)4>>(T3)"
8369210076,3040,6230,3,1,1,128,1,1,47,0.002,0.000,None,,None,None,NVIDIA A100-SXM4-80GB (0),1,20,"void gemv2T_kernel_val<int, int, float, float, float, float, (int)128, (int)16, (int)2, (int)2, (bool)0, (bool)0, cublasGemvParamsEx<int, cublasGemvTensorStridedBatched<const float>, cublasGemvTensorStridedBatched<const float>, cublasGemvTensorStridedBatched<float>, float>>(T13, T6, T6)"
8369232892,2144,6234,1,1,1,32,1,1,16,0.000,0.000,None,,None,None,NVIDIA A100-SXM4-80GB (0),1,20,fn_reshape_gs_bc_add_full_gs_bc_max__11008249055510313070_COND__FPA__FPA__FPA__FPA_S0MUL18ll_BPA_GE1ll_BPA_AND_FPA__FPA_S0MUL18ll_BPA_LE1023ll_BPA__BPA_AND_FPA__FPA_S0MUL18ll_BPA_LE2147483647ll_BPA__BPA___kernel
8369273724,3264,6237,3,1,1,4,32,1,159,0.000,0.001,None,,None,None,NVIDIA A100-SXM4-80GB (0),1,20,"std::enable_if<!T7, void>::type internal::gemvx::kernel<int, int, float, float, float, float, (bool)0, (bool)1, (bool)1, (bool)0, (int)7, (bool)0, cublasGemvParamsEx<int, cublasGemvTensorStridedBatched<const float>, cublasGemvTensorStridedBatched<const float>, cublasGemvTensorStridedBatched<float>, float>>(T13)"
8369292252,5632,6241,1090,1,1,256,1,1,20,0.000,0.000,None,,None,None,NVIDIA A100-SXM4-80GB (0),1,20,fn_reshape_gs_bc_add_full_full_full_full_gs_bc_mul_gs_bc_add_gs_bc_min_gs_bc_max_gs_bc_mul__17594470531925998404_COND__FPA__FPA__FPA__FPA__FPA_S0MULS1_BPA_MULS2_BPA_MUL72ll_BPA_GE1024ll_BPA_AND_FPA__FPA__FPA_S0MUL72ll_BPA_LE2147483647ll_BPA_AND_FPA__FPA__FPA__FPA_S0MULS1_BPA_MULS2_BPA_MUL72ll_BPA_LE2147483647ll_BPA__BPA__BPA___kernel
8369562170,16480,6247,5,1,1,32,16,1,26,0.000,0.000,None,,None,None,NVIDIA A100-SXM4-80GB (0),1,20,"void phi::VecReduceKernel<(int)512, (int)1, phi::ReduceExecutor<float, phi::kps::MeanOps<float, float, float>, float, (int)4, (int)4>>(T3)"
8369630554,3040,6251,3,1,1,128,1,1,47,0.002,0.000,None,,None,None,NVIDIA A100-SXM4-80GB (0),1,20,"void gemv2T_kernel_val<int, int, float, float, float, float, (int)128, (int)16, (int)2, (int)2, (bool)0, (bool)0, cublasGemvParamsEx<int, cublasGemvTensorStridedBatched<const float>, cublasGemvTensorStridedBatched<const float>, cublasGemvTensorStridedBatched<float>, float>>(T13, T6, T6)"
8369660826,2144,6255,1,1,1,32,1,1,16,0.000,0.000,None,,None,None,NVIDIA A100-SXM4-80GB (0),1,20,fn_reshape_gs_bc_add_full_gs_bc_max__11008249055510313070_COND__FPA__FPA__FPA__FPA_S0MUL18ll_BPA_GE1ll_BPA_AND_FPA__FPA_S0MUL18ll_BPA_LE1023ll_BPA__BPA_AND_FPA__FPA_S0MUL18ll_BPA_LE2147483647ll_BPA__BPA___kernel
8369704250,3296,6258,3,1,1,4,32,1,159,0.000,0.001,None,,None,None,NVIDIA A100-SXM4-80GB (0),1,20,"std::enable_if<!T7, void>::type internal::gemvx::kernel<int, int, float, float, float, float, (bool)0, (bool)1, (bool)1, (bool)0, (int)7, (bool)0, cublasGemvParamsEx<int, cublasGemvTensorStridedBatched<const float>, cublasGemvTensorStridedBatched<const float>, cublasGemvTensorStridedBatched<float>, float>>(T13)"
8369722266,5632,6262,1090,1,1,256,1,1,20,0.000,0.000,None,,None,None,NVIDIA A100-SXM4-80GB (0),1,20,fn_reshape_gs_bc_add_full_full_full_full_gs_bc_mul_gs_bc_add_gs_bc_min_gs_bc_max_gs_bc_mul__17594470531925998404_COND__FPA__FPA__FPA__FPA__FPA_S0MULS1_BPA_MULS2_BPA_MUL72ll_BPA_GE1024ll_BPA_AND_FPA__FPA__FPA_S0MUL72ll_BPA_LE2147483647ll_BPA_AND_FPA__FPA__FPA__FPA_S0MULS1_BPA_MULS2_BPA_MUL72ll_BPA_LE2147483647ll_BPA__BPA__BPA___kernel
8370002296,16256,6268,5,1,1,32,16,1,26,0.000,0.000,None,,None,None,NVIDIA A100-SXM4-80GB (0),1,20,"void phi::VecReduceKernel<(int)512, (int)1, phi::ReduceExecutor<float, phi::kps::MeanOps<float, float, float>, float, (int)4, (int)4>>(T3)"
8370072280,3040,6272,3,1,1,128,1,1,47,0.002,0.000,None,,None,None,NVIDIA A100-SXM4-80GB (0),1,20,"void gemv2T_kernel_val<int, int, float, float, float, float, (int)128, (int)16, (int)2, (int)2, (bool)0, (bool)0, cublasGemvParamsEx<int, cublasGemvTensorStridedBatched<const float>, cublasGemvTensorStridedBatched<const float>, cublasGemvTensorStridedBatched<float>, float>>(T13, T6, T6)"
8370095864,2144,6276,1,1,1,32,1,1,16,0.000,0.000,None,,None,None,NVIDIA A100-SXM4-80GB (0),1,20,fn_reshape_gs_bc_add_full_gs_bc_max__11008249055510313070_COND__FPA__FPA__FPA__FPA_S0MUL18ll_BPA_GE1ll_BPA_AND_FPA__FPA_S0MUL18ll_BPA_LE1023ll_BPA__BPA_AND_FPA__FPA_S0MUL18ll_BPA_LE2147483647ll_BPA__BPA___kernel
8370137240,3296,6279,3,1,1,4,32,1,159,0.000,0.001,None,,None,None,NVIDIA A100-SXM4-80GB (0),1,20,"std::enable_if<!T7, void>::type internal::gemvx::kernel<int, int, float, float, float, float, (bool)0, (bool)1, (bool)1, (bool)0, (int)7, (bool)0, cublasGemvParamsEx<int, cublasGemvTensorStridedBatched<const float>, cublasGemvTensorStridedBatched<const float>, cublasGemvTensorStridedBatched<float>, float>>(T13)"
8370155032,5568,6283,1090,1,1,256,1,1,20,0.000,0.000,None,,None,None,NVIDIA A100-SXM4-80GB (0),1,20,fn_reshape_gs_bc_add_full_full_full_full_gs_bc_mul_gs_bc_add_gs_bc_min_gs_bc_max_gs_bc_mul__17594470531925998404_COND__FPA__FPA__FPA__FPA__FPA_S0MULS1_BPA_MULS2_BPA_MUL72ll_BPA_GE1024ll_BPA_AND_FPA__FPA__FPA_S0MUL72ll_BPA_LE2147483647ll_BPA_AND_FPA__FPA__FPA__FPA_S0MULS1_BPA_MULS2_BPA_MUL72ll_BPA_LE2147483647ll_BPA__BPA__BPA___kernel
8370436855,16351,6289,5,1,1,32,16,1,26,0.000,0.000,None,,None,None,NVIDIA A100-SXM4-80GB (0),1,20,"void phi::VecReduceKernel<(int)512, (int)1, phi::ReduceExecutor<float, phi::kps::MeanOps<float, float, float>, float, (int)4, (int)4>>(T3)"
8370506326,3040,6293,3,1,1,128,1,1,47,0.002,0.000,None,,None,None,NVIDIA A100-SXM4-80GB (0),1,20,"void gemv2T_kernel_val<int, int, float, float, float, float, (int)128, (int)16, (int)2, (int)2, (bool)0, (bool)0, cublasGemvParamsEx<int, cublasGemvTensorStridedBatched<const float>, cublasGemvTensorStridedBatched<const float>, cublasGemvTensorStridedBatched<float>, float>>(T13, T6, T6)"
8370529366,2144,6297,1,1,1,32,1,1,16,0.000,0.000,None,,None,None,NVIDIA A100-SXM4-80GB (0),1,20,fn_reshape_gs_bc_add_full_gs_bc_max__11008249055510313070_COND__FPA__FPA__FPA__FPA_S0MUL18ll_BPA_GE1ll_BPA_AND_FPA__FPA_S0MUL18ll_BPA_LE1023ll_BPA__BPA_AND_FPA__FPA_S0MUL18ll_BPA_LE2147483647ll_BPA__BPA___kernel
8370571286,3296,6300,3,1,1,4,32,1,159,0.000,0.001,None,,None,None,NVIDIA A100-SXM4-80GB (0),1,20,"std::enable_if<!T7, void>::type internal::gemvx::kernel<int, int, float, float, float, float, (bool)0, (bool)1, (bool)1, (bool)0, (int)7, (bool)0, cublasGemvParamsEx<int, cublasGemvTensorStridedBatched<const float>, cublasGemvTensorStridedBatched<const float>, cublasGemvTensorStridedBatched<float>, float>>(T13)"
8370588982,5600,6304,1090,1,1,256,1,1,20,0.000,0.000,None,,None,None,NVIDIA A100-SXM4-80GB (0),1,20,fn_reshape_gs_bc_add_full_full_full_full_gs_bc_mul_gs_bc_add_gs_bc_min_gs_bc_max_gs_bc_mul__17594470531925998404_COND__FPA__FPA__FPA__FPA__FPA_S0MULS1_BPA_MULS2_BPA_MUL72ll_BPA_GE1024ll_BPA_AND_FPA__FPA__FPA_S0MUL72ll_BPA_LE2147483647ll_BPA_AND_FPA__FPA__FPA__FPA_S0MULS1_BPA_MULS2_BPA_MUL72ll_BPA_LE2147483647ll_BPA__BPA__BPA___kernel
8370875765,16575,6310,5,1,1,32,16,1,26,0.000,0.000,None,,None,None,NVIDIA A100-SXM4-80GB (0),1,20,"void phi::VecReduceKernel<(int)512, (int)1, phi::ReduceExecutor<float, phi::kps::MeanOps<float, float, float>, float, (int)4, (int)4>>(T3)"
8370944788,3040,6314,3,1,1,128,1,1,47,0.002,0.000,None,,None,None,NVIDIA A100-SXM4-80GB (0),1,20,"void gemv2T_kernel_val<int, int, float, float, float, float, (int)128, (int)16, (int)2, (int)2, (bool)0, (bool)0, cublasGemvParamsEx<int, cublasGemvTensorStridedBatched<const float>, cublasGemvTensorStridedBatched<const float>, cublasGemvTensorStridedBatched<float>, float>>(T13, T6, T6)"
8370971444,2144,6318,1,1,1,32,1,1,16,0.000,0.000,None,,None,None,NVIDIA A100-SXM4-80GB (0),1,20,fn_reshape_gs_bc_add_full_gs_bc_max__11008249055510313070_COND__FPA__FPA__FPA__FPA_S0MUL18ll_BPA_GE1ll_BPA_AND_FPA__FPA_S0MUL18ll_BPA_LE1023ll_BPA__BPA_AND_FPA__FPA_S0MUL18ll_BPA_LE2147483647ll_BPA__BPA___kernel
8371012980,3296,6321,3,1,1,4,32,1,159,0.000,0.001,None,,None,None,NVIDIA A100-SXM4-80GB (0),1,20,"std::enable_if<!T7, void>::type internal::gemvx::kernel<int, int, float, float, float, float, (bool)0, (bool)1, (bool)1, (bool)0, (int)7, (bool)0, cublasGemvParamsEx<int, cublasGemvTensorStridedBatched<const float>, cublasGemvTensorStridedBatched<const float>, cublasGemvTensorStridedBatched<float>, float>>(T13)"
8371031284,5728,6325,1090,1,1,256,1,1,20,0.000,0.000,None,,None,None,NVIDIA A100-SXM4-80GB (0),1,20,fn_reshape_gs_bc_add_full_full_full_full_gs_bc_mul_gs_bc_add_gs_bc_min_gs_bc_max_gs_bc_mul__17594470531925998404_COND__FPA__FPA__FPA__FPA__FPA_S0MULS1_BPA_MULS2_BPA_MUL72ll_BPA_GE1024ll_BPA_AND_FPA__FPA__FPA_S0MUL72ll_BPA_LE2147483647ll_BPA_AND_FPA__FPA__FPA__FPA_S0MULS1_BPA_MULS2_BPA_MUL72ll_BPA_LE2147483647ll_BPA__BPA__BPA___kernel
8371303570,16545,6331,5,1,1,32,16,1,26,0.000,0.000,None,,None,None,NVIDIA A100-SXM4-80GB (0),1,20,"void phi::VecReduceKernel<(int)512, (int)1, phi::ReduceExecutor<float, phi::kps::MeanOps<float, float, float>, float, (int)4, (int)4>>(T3)"
8371372018,3040,6335,3,1,1,128,1,1,47,0.002,0.000,None,,None,None,NVIDIA A100-SXM4-80GB (0),1,20,"void gemv2T_kernel_val<int, int, float, float, float, float, (int)128, (int)16, (int)2, (int)2, (bool)0, (bool)0, cublasGemvParamsEx<int, cublasGemvTensorStridedBatched<const float>, cublasGemvTensorStridedBatched<const float>, cublasGemvTensorStridedBatched<float>, float>>(T13, T6, T6)"
8371394770,2144,6339,1,1,1,32,1,1,16,0.000,0.000,None,,None,None,NVIDIA A100-SXM4-80GB (0),1,20,fn_reshape_gs_bc_add_full_gs_bc_max__11008249055510313070_COND__FPA__FPA__FPA__FPA_S0MUL18ll_BPA_GE1ll_BPA_AND_FPA__FPA_S0MUL18ll_BPA_LE1023ll_BPA__BPA_AND_FPA__FPA_S0MUL18ll_BPA_LE2147483647ll_BPA__BPA___kernel
8371436338,3296,6342,3,1,1,4,32,1,159,0.000,0.001,None,,None,None,NVIDIA A100-SXM4-80GB (0),1,20,"std::enable_if<!T7, void>::type internal::gemvx::kernel<int, int, float, float, float, float, (bool)0, (bool)1, (bool)1, (bool)0, (int)7, (bool)0, cublasGemvParamsEx<int, cublasGemvTensorStridedBatched<const float>, cublasGemvTensorStridedBatched<const float>, cublasGemvTensorStridedBatched<float>, float>>(T13)"
8371454514,5600,6346,1090,1,1,256,1,1,20,0.000,0.000,None,,None,None,NVIDIA A100-SXM4-80GB (0),1,20,fn_reshape_gs_bc_add_full_full_full_full_gs_bc_mul_gs_bc_add_gs_bc_min_gs_bc_max_gs_bc_mul__17594470531925998404_COND__FPA__FPA__FPA__FPA__FPA_S0MULS1_BPA_MULS2_BPA_MUL72ll_BPA_GE1024ll_BPA_AND_FPA__FPA__FPA_S0MUL72ll_BPA_LE2147483647ll_BPA_AND_FPA__FPA__FPA__FPA_S0MULS1_BPA_MULS2_BPA_MUL72ll_BPA_LE2147483647ll_BPA__BPA__BPA___kernel
8371725201,16543,6352,5,1,1,32,16,1,26,0.000,0.000,None,,None,None,NVIDIA A100-SXM4-80GB (0),1,20,"void phi::VecReduceKernel<(int)512, (int)1, phi::ReduceExecutor<float, phi::kps::MeanOps<float, float, float>, float, (int)4, (int)4>>(T3)"
8371800336,3040,6356,3,1,1,128,1,1,47,0.002,0.000,None,,None,None,NVIDIA A100-SXM4-80GB (0),1,20,"void gemv2T_kernel_val<int, int, float, float, float, float, (int)128, (int)16, (int)2, (int)2, (bool)0, (bool)0, cublasGemvParamsEx<int, cublasGemvTensorStridedBatched<const float>, cublasGemvTensorStridedBatched<const float>, cublasGemvTensorStridedBatched<float>, float>>(T13, T6, T6)"
8371827088,2144,6360,1,1,1,32,1,1,16,0.000,0.000,None,,None,None,NVIDIA A100-SXM4-80GB (0),1,20,fn_reshape_gs_bc_add_full_gs_bc_max__11008249055510313070_COND__FPA__FPA__FPA__FPA_S0MUL18ll_BPA_GE1ll_BPA_AND_FPA__FPA_S0MUL18ll_BPA_LE1023ll_BPA__BPA_AND_FPA__FPA_S0MUL18ll_BPA_LE2147483647ll_BPA__BPA___kernel
8371868912,3296,6363,3,1,1,4,32,1,159,0.000,0.001,None,,None,None,NVIDIA A100-SXM4-80GB (0),1,20,"std::enable_if<!T7, void>::type internal::gemvx::kernel<int, int, float, float, float, float, (bool)0, (bool)1, (bool)1, (bool)0, (int)7, (bool)0, cublasGemvParamsEx<int, cublasGemvTensorStridedBatched<const float>, cublasGemvTensorStridedBatched<const float>, cublasGemvTensorStridedBatched<float>, float>>(T13)"
8371887408,5600,6367,1090,1,1,256,1,1,20,0.000,0.000,None,,None,None,NVIDIA A100-SXM4-80GB (0),1,20,fn_reshape_gs_bc_add_full_full_full_full_gs_bc_mul_gs_bc_add_gs_bc_min_gs_bc_max_gs_bc_mul__17594470531925998404_COND__FPA__FPA__FPA__FPA__FPA_S0MULS1_BPA_MULS2_BPA_MUL72ll_BPA_GE1024ll_BPA_AND_FPA__FPA__FPA_S0MUL72ll_BPA_LE2147483647ll_BPA_AND_FPA__FPA__FPA__FPA_S0MULS1_BPA_MULS2_BPA_MUL72ll_BPA_LE2147483647ll_BPA__BPA__BPA___kernel
8372167983,16352,6373,5,1,1,32,16,1,26,0.000,0.000,None,,None,None,NVIDIA A100-SXM4-80GB (0),1,20,"void phi::VecReduceKernel<(int)512, (int)1, phi::ReduceExecutor<float, phi::kps::MeanOps<float, float, float>, float, (int)4, (int)4>>(T3)"
8372237422,3040,6377,3,1,1,128,1,1,47,0.002,0.000,None,,None,None,NVIDIA A100-SXM4-80GB (0),1,20,"void gemv2T_kernel_val<int, int, float, float, float, float, (int)128, (int)16, (int)2, (int)2, (bool)0, (bool)0, cublasGemvParamsEx<int, cublasGemvTensorStridedBatched<const float>, cublasGemvTensorStridedBatched<const float>, cublasGemvTensorStridedBatched<float>, float>>(T13, T6, T6)"
8372260462,2144,6381,1,1,1,32,1,1,16,0.000,0.000,None,,None,None,NVIDIA A100-SXM4-80GB (0),1,20,fn_reshape_gs_bc_add_full_gs_bc_max__11008249055510313070_COND__FPA__FPA__FPA__FPA_S0MUL18ll_BPA_GE1ll_BPA_AND_FPA__FPA_S0MUL18ll_BPA_LE1023ll_BPA__BPA_AND_FPA__FPA_S0MUL18ll_BPA_LE2147483647ll_BPA__BPA___kernel
8372302190,3296,6384,3,1,1,4,32,1,159,0.000,0.001,None,,None,None,NVIDIA A100-SXM4-80GB (0),1,20,"std::enable_if<!T7, void>::type internal::gemvx::kernel<int, int, float, float, float, float, (bool)0, (bool)1, (bool)1, (bool)0, (int)7, (bool)0, cublasGemvParamsEx<int, cublasGemvTensorStridedBatched<const float>, cublasGemvTensorStridedBatched<const float>, cublasGemvTensorStridedBatched<float>, float>>(T13)"
8372320014,5600,6388,1090,1,1,256,1,1,20,0.000,0.000,None,,None,None,NVIDIA A100-SXM4-80GB (0),1,20,fn_reshape_gs_bc_add_full_full_full_full_gs_bc_mul_gs_bc_add_gs_bc_min_gs_bc_max_gs_bc_mul__17594470531925998404_COND__FPA__FPA__FPA__FPA__FPA_S0MULS1_BPA_MULS2_BPA_MUL72ll_BPA_GE1024ll_BPA_AND_FPA__FPA__FPA_S0MUL72ll_BPA_LE2147483647ll_BPA_AND_FPA__FPA__FPA__FPA_S0MULS1_BPA_MULS2_BPA_MUL72ll_BPA_LE2147483647ll_BPA__BPA__BPA___kernel
8372589453,16384,6394,5,1,1,32,16,1,26,0.000,0.000,None,,None,None,NVIDIA A100-SXM4-80GB (0),1,20,"void phi::VecReduceKernel<(int)512, (int)1, phi::ReduceExecutor<float, phi::kps::MeanOps<float, float, float>, float, (int)4, (int)4>>(T3)"
8372665741,3040,6398,3,1,1,128,1,1,47,0.002,0.000,None,,None,None,NVIDIA A100-SXM4-80GB (0),1,20,"void gemv2T_kernel_val<int, int, float, float, float, float, (int)128, (int)16, (int)2, (int)2, (bool)0, (bool)0, cublasGemvParamsEx<int, cublasGemvTensorStridedBatched<const float>, cublasGemvTensorStridedBatched<const float>, cublasGemvTensorStridedBatched<float>, float>>(T13, T6, T6)"
8372689580,2144,6402,1,1,1,32,1,1,16,0.000,0.000,None,,None,None,NVIDIA A100-SXM4-80GB (0),1,20,fn_reshape_gs_bc_add_full_gs_bc_max__11008249055510313070_COND__FPA__FPA__FPA__FPA_S0MUL18ll_BPA_GE1ll_BPA_AND_FPA__FPA_S0MUL18ll_BPA_LE1023ll_BPA__BPA_AND_FPA__FPA_S0MUL18ll_BPA_LE2147483647ll_BPA__BPA___kernel
8372734892,3296,6405,3,1,1,4,32,1,159,0.000,0.001,None,,None,None,NVIDIA A100-SXM4-80GB (0),1,20,"std::enable_if<!T7, void>::type internal::gemvx::kernel<int, int, float, float, float, float, (bool)0, (bool)1, (bool)1, (bool)0, (int)7, (bool)0, cublasGemvParamsEx<int, cublasGemvTensorStridedBatched<const float>, cublasGemvTensorStridedBatched<const float>, cublasGemvTensorStridedBatched<float>, float>>(T13)"
8372760300,5696,6409,1090,1,1,256,1,1,20,0.000,0.000,None,,None,None,NVIDIA A100-SXM4-80GB (0),1,20,fn_reshape_gs_bc_add_full_full_full_full_gs_bc_mul_gs_bc_add_gs_bc_min_gs_bc_max_gs_bc_mul__17594470531925998404_COND__FPA__FPA__FPA__FPA__FPA_S0MULS1_BPA_MULS2_BPA_MUL72ll_BPA_GE1024ll_BPA_AND_FPA__FPA__FPA_S0MUL72ll_BPA_LE2147483647ll_BPA_AND_FPA__FPA__FPA__FPA_S0MULS1_BPA_MULS2_BPA_MUL72ll_BPA_LE2147483647ll_BPA__BPA__BPA___kernel
8373031243,16384,6415,5,1,1,32,16,1,26,0.000,0.000,None,,None,None,NVIDIA A100-SXM4-80GB (0),1,20,"void phi::VecReduceKernel<(int)512, (int)1, phi::ReduceExecutor<float, phi::kps::MeanOps<float, float, float>, float, (int)4, (int)4>>(T3)"
8373099498,3008,6419,3,1,1,128,1,1,47,0.002,0.000,None,,None,None,NVIDIA A100-SXM4-80GB (0),1,20,"void gemv2T_kernel_val<int, int, float, float, float, float, (int)128, (int)16, (int)2, (int)2, (bool)0, (bool)0, cublasGemvParamsEx<int, cublasGemvTensorStridedBatched<const float>, cublasGemvTensorStridedBatched<const float>, cublasGemvTensorStridedBatched<float>, float>>(T13, T6, T6)"
8373122155,2143,6423,1,1,1,32,1,1,16,0.000,0.000,None,,None,None,NVIDIA A100-SXM4-80GB (0),1,20,fn_reshape_gs_bc_add_full_gs_bc_max__11008249055510313070_COND__FPA__FPA__FPA__FPA_S0MUL18ll_BPA_GE1ll_BPA_AND_FPA__FPA_S0MUL18ll_BPA_LE1023ll_BPA__BPA_AND_FPA__FPA_S0MUL18ll_BPA_LE2147483647ll_BPA__BPA___kernel
8373163274,3296,6426,3,1,1,4,32,1,159,0.000,0.001,None,,None,None,NVIDIA A100-SXM4-80GB (0),1,20,"std::enable_if<!T7, void>::type internal::gemvx::kernel<int, int, float, float, float, float, (bool)0, (bool)1, (bool)1, (bool)0, (int)7, (bool)0, cublasGemvParamsEx<int, cublasGemvTensorStridedBatched<const float>, cublasGemvTensorStridedBatched<const float>, cublasGemvTensorStridedBatched<float>, float>>(T13)"
8373181194,5632,6430,1090,1,1,256,1,1,20,0.000,0.000,None,,None,None,NVIDIA A100-SXM4-80GB (0),1,20,fn_reshape_gs_bc_add_full_full_full_full_gs_bc_mul_gs_bc_add_gs_bc_min_gs_bc_max_gs_bc_mul__17594470531925998404_COND__FPA__FPA__FPA__FPA__FPA_S0MULS1_BPA_MULS2_BPA_MUL72ll_BPA_GE1024ll_BPA_AND_FPA__FPA__FPA_S0MUL72ll_BPA_LE2147483647ll_BPA_AND_FPA__FPA__FPA__FPA_S0MULS1_BPA_MULS2_BPA_MUL72ll_BPA_LE2147483647ll_BPA__BPA__BPA___kernel
8373453545,16480,6436,5,1,1,32,16,1,26,0.000,0.000,None,,None,None,NVIDIA A100-SXM4-80GB (0),1,20,"void phi::VecReduceKernel<(int)512, (int)1, phi::ReduceExecutor<float, phi::kps::MeanOps<float, float, float>, float, (int)4, (int)4>>(T3)"
8373521449,3040,6440,3,1,1,128,1,1,47,0.002,0.000,None,,None,None,NVIDIA A100-SXM4-80GB (0),1,20,"void gemv2T_kernel_val<int, int, float, float, float, float, (int)128, (int)16, (int)2, (int)2, (bool)0, (bool)0, cublasGemvParamsEx<int, cublasGemvTensorStridedBatched<const float>, cublasGemvTensorStridedBatched<const float>, cublasGemvTensorStridedBatched<float>, float>>(T13, T6, T6)"
8373544872,2144,6444,1,1,1,32,1,1,16,0.000,0.000,None,,None,None,NVIDIA A100-SXM4-80GB (0),1,20,fn_reshape_gs_bc_add_full_gs_bc_max__11008249055510313070_COND__FPA__FPA__FPA__FPA_S0MUL18ll_BPA_GE1ll_BPA_AND_FPA__FPA_S0MUL18ll_BPA_LE1023ll_BPA__BPA_AND_FPA__FPA_S0MUL18ll_BPA_LE2147483647ll_BPA__BPA___kernel
8373585736,3264,6447,3,1,1,4,32,1,159,0.000,0.001,None,,None,None,NVIDIA A100-SXM4-80GB (0),1,20,"std::enable_if<!T7, void>::type internal::gemvx::kernel<int, int, float, float, float, float, (bool)0, (bool)1, (bool)1, (bool)0, (int)7, (bool)0, cublasGemvParamsEx<int, cublasGemvTensorStridedBatched<const float>, cublasGemvTensorStridedBatched<const float>, cublasGemvTensorStridedBatched<float>, float>>(T13)"
8373606440,5632,6451,1090,1,1,256,1,1,20,0.000,0.000,None,,None,None,NVIDIA A100-SXM4-80GB (0),1,20,fn_reshape_gs_bc_add_full_full_full_full_gs_bc_mul_gs_bc_add_gs_bc_min_gs_bc_max_gs_bc_mul__17594470531925998404_COND__FPA__FPA__FPA__FPA__FPA_S0MULS1_BPA_MULS2_BPA_MUL72ll_BPA_GE1024ll_BPA_AND_FPA__FPA__FPA_S0MUL72ll_BPA_LE2147483647ll_BPA_AND_FPA__FPA__FPA__FPA_S0MULS1_BPA_MULS2_BPA_MUL72ll_BPA_LE2147483647ll_BPA__BPA__BPA___kernel
8373894919,16608,6457,5,1,1,32,16,1,26,0.000,0.000,None,,None,None,NVIDIA A100-SXM4-80GB (0),1,20,"void phi::VecReduceKernel<(int)512, (int)1, phi::ReduceExecutor<float, phi::kps::MeanOps<float, float, float>, float, (int)4, (int)4>>(T3)"
8373962823,3008,6461,3,1,1,128,1,1,47,0.002,0.000,None,,None,None,NVIDIA A100-SXM4-80GB (0),1,20,"void gemv2T_kernel_val<int, int, float, float, float, float, (int)128, (int)16, (int)2, (int)2, (bool)0, (bool)0, cublasGemvParamsEx<int, cublasGemvTensorStridedBatched<const float>, cublasGemvTensorStridedBatched<const float>, cublasGemvTensorStridedBatched<float>, float>>(T13, T6, T6)"
8373985510,2144,6465,1,1,1,32,1,1,16,0.000,0.000,None,,None,None,NVIDIA A100-SXM4-80GB (0),1,20,fn_reshape_gs_bc_add_full_gs_bc_max__11008249055510313070_COND__FPA__FPA__FPA__FPA_S0MUL18ll_BPA_GE1ll_BPA_AND_FPA__FPA_S0MUL18ll_BPA_LE1023ll_BPA__BPA_AND_FPA__FPA_S0MUL18ll_BPA_LE2147483647ll_BPA__BPA___kernel
8374034502,3296,6468,3,1,1,4,32,1,159,0.000,0.001,None,,None,None,NVIDIA A100-SXM4-80GB (0),1,20,"std::enable_if<!T7, void>::type internal::gemvx::kernel<int, int, float, float, float, float, (bool)0, (bool)1, (bool)1, (bool)0, (int)7, (bool)0, cublasGemvParamsEx<int, cublasGemvTensorStridedBatched<const float>, cublasGemvTensorStridedBatched<const float>, cublasGemvTensorStridedBatched<float>, float>>(T13)"
8374052518,5664,6472,1090,1,1,256,1,1,20,0.000,0.000,None,,None,None,NVIDIA A100-SXM4-80GB (0),1,20,fn_reshape_gs_bc_add_full_full_full_full_gs_bc_mul_gs_bc_add_gs_bc_min_gs_bc_max_gs_bc_mul__17594470531925998404_COND__FPA__FPA__FPA__FPA__FPA_S0MULS1_BPA_MULS2_BPA_MUL72ll_BPA_GE1024ll_BPA_AND_FPA__FPA__FPA_S0MUL72ll_BPA_LE2147483647ll_BPA_AND_FPA__FPA__FPA__FPA_S0MULS1_BPA_MULS2_BPA_MUL72ll_BPA_LE2147483647ll_BPA__BPA__BPA___kernel
8374325029,16544,6478,5,1,1,32,16,1,26,0.000,0.000,None,,None,None,NVIDIA A100-SXM4-80GB (0),1,20,"void phi::VecReduceKernel<(int)512, (int)1, phi::ReduceExecutor<float, phi::kps::MeanOps<float, float, float>, float, (int)4, (int)4>>(T3)"
8374396517,3040,6482,3,1,1,128,1,1,47,0.002,0.000,None,,None,None,NVIDIA A100-SXM4-80GB (0),1,20,"void gemv2T_kernel_val<int, int, float, float, float, float, (int)128, (int)16, (int)2, (int)2, (bool)0, (bool)0, cublasGemvParamsEx<int, cublasGemvTensorStridedBatched<const float>, cublasGemvTensorStridedBatched<const float>, cublasGemvTensorStridedBatched<float>, float>>(T13, T6, T6)"
8374420388,2144,6486,1,1,1,32,1,1,16,0.000,0.000,None,,None,None,NVIDIA A100-SXM4-80GB (0),1,20,fn_reshape_gs_bc_add_full_gs_bc_max__11008249055510313070_COND__FPA__FPA__FPA__FPA_S0MUL18ll_BPA_GE1ll_BPA_AND_FPA__FPA_S0MUL18ll_BPA_LE1023ll_BPA__BPA_AND_FPA__FPA_S0MUL18ll_BPA_LE2147483647ll_BPA__BPA___kernel
8374462309,3295,6489,3,1,1,4,32,1,159,0.000,0.001,None,,None,None,NVIDIA A100-SXM4-80GB (0),1,20,"std::enable_if<!T7, void>::type internal::gemvx::kernel<int, int, float, float, float, float, (bool)0, (bool)1, (bool)1, (bool)0, (int)7, (bool)0, cublasGemvParamsEx<int, cublasGemvTensorStridedBatched<const float>, cublasGemvTensorStridedBatched<const float>, cublasGemvTensorStridedBatched<float>, float>>(T13)"
8374480804,5600,6493,1090,1,1,256,1,1,20,0.000,0.000,None,,None,None,NVIDIA A100-SXM4-80GB (0),1,20,fn_reshape_gs_bc_add_full_full_full_full_gs_bc_mul_gs_bc_add_gs_bc_min_gs_bc_max_gs_bc_mul__17594470531925998404_COND__FPA__FPA__FPA__FPA__FPA_S0MULS1_BPA_MULS2_BPA_MUL72ll_BPA_GE1024ll_BPA_AND_FPA__FPA__FPA_S0MUL72ll_BPA_LE2147483647ll_BPA_AND_FPA__FPA__FPA__FPA_S0MULS1_BPA_MULS2_BPA_MUL72ll_BPA_LE2147483647ll_BPA__BPA__BPA___kernel
8374762755,16448,6499,5,1,1,32,16,1,26,0.000,0.000,None,,None,None,NVIDIA A100-SXM4-80GB (0),1,20,"void phi::VecReduceKernel<(int)512, (int)1, phi::ReduceExecutor<float, phi::kps::MeanOps<float, float, float>, float, (int)4, (int)4>>(T3)"
8374831779,3008,6503,3,1,1,128,1,1,47,0.002,0.000,None,,None,None,NVIDIA A100-SXM4-80GB (0),1,20,"void gemv2T_kernel_val<int, int, float, float, float, float, (int)128, (int)16, (int)2, (int)2, (bool)0, (bool)0, cublasGemvParamsEx<int, cublasGemvTensorStridedBatched<const float>, cublasGemvTensorStridedBatched<const float>, cublasGemvTensorStridedBatched<float>, float>>(T13, T6, T6)"
8374854371,2144,6507,1,1,1,32,1,1,16,0.000,0.000,None,,None,None,NVIDIA A100-SXM4-80GB (0),1,20,fn_reshape_gs_bc_add_full_gs_bc_max__11008249055510313070_COND__FPA__FPA__FPA__FPA_S0MUL18ll_BPA_GE1ll_BPA_AND_FPA__FPA_S0MUL18ll_BPA_LE1023ll_BPA__BPA_AND_FPA__FPA_S0MUL18ll_BPA_LE2147483647ll_BPA__BPA___kernel
8374895683,3264,6510,3,1,1,4,32,1,159,0.000,0.001,None,,None,None,NVIDIA A100-SXM4-80GB (0),1,20,"std::enable_if<!T7, void>::type internal::gemvx::kernel<int, int, float, float, float, float, (bool)0, (bool)1, (bool)1, (bool)0, (int)7, (bool)0, cublasGemvParamsEx<int, cublasGemvTensorStridedBatched<const float>, cublasGemvTensorStridedBatched<const float>, cublasGemvTensorStridedBatched<float>, float>>(T13)"
8374913602,5600,6514,1090,1,1,256,1,1,20,0.000,0.000,None,,None,None,NVIDIA A100-SXM4-80GB (0),1,20,fn_reshape_gs_bc_add_full_full_full_full_gs_bc_mul_gs_bc_add_gs_bc_min_gs_bc_max_gs_bc_mul__17594470531925998404_COND__FPA__FPA__FPA__FPA__FPA_S0MULS1_BPA_MULS2_BPA_MUL72ll_BPA_GE1024ll_BPA_AND_FPA__FPA__FPA_S0MUL72ll_BPA_LE2147483647ll_BPA_AND_FPA__FPA__FPA__FPA_S0MULS1_BPA_MULS2_BPA_MUL72ll_BPA_LE2147483647ll_BPA__BPA__BPA___kernel
8375185921,16736,6520,5,1,1,32,16,1,26,0.000,0.000,None,,None,None,NVIDIA A100-SXM4-80GB (0),1,20,"void phi::VecReduceKernel<(int)512, (int)1, phi::ReduceExecutor<float, phi::kps::MeanOps<float, float, float>, float, (int)4, (int)4>>(T3)"
8375254241,3040,6524,3,1,1,128,1,1,47,0.002,0.000,None,,None,None,NVIDIA A100-SXM4-80GB (0),1,20,"void gemv2T_kernel_val<int, int, float, float, float, float, (int)128, (int)16, (int)2, (int)2, (bool)0, (bool)0, cublasGemvParamsEx<int, cublasGemvTensorStridedBatched<const float>, cublasGemvTensorStridedBatched<const float>, cublasGemvTensorStridedBatched<float>, float>>(T13, T6, T6)"
8375277121,2144,6528,1,1,1,32,1,1,16,0.000,0.000,None,,None,None,NVIDIA A100-SXM4-80GB (0),1,20,fn_reshape_gs_bc_add_full_gs_bc_max__11008249055510313070_COND__FPA__FPA__FPA__FPA_S0MUL18ll_BPA_GE1ll_BPA_AND_FPA__FPA_S0MUL18ll_BPA_LE1023ll_BPA__BPA_AND_FPA__FPA_S0MUL18ll_BPA_LE2147483647ll_BPA__BPA___kernel
8375317408,3296,6531,3,1,1,4,32,1,159,0.000,0.001,None,,None,None,NVIDIA A100-SXM4-80GB (0),1,20,"std::enable_if<!T7, void>::type internal::gemvx::kernel<int, int, float, float, float, float, (bool)0, (bool)1, (bool)1, (bool)0, (int)7, (bool)0, cublasGemvParamsEx<int, cublasGemvTensorStridedBatched<const float>, cublasGemvTensorStridedBatched<const float>, cublasGemvTensorStridedBatched<float>, float>>(T13)"
8375335264,5601,6535,1090,1,1,256,1,1,20,0.000,0.000,None,,None,None,NVIDIA A100-SXM4-80GB (0),1,20,fn_reshape_gs_bc_add_full_full_full_full_gs_bc_mul_gs_bc_add_gs_bc_min_gs_bc_max_gs_bc_mul__17594470531925998404_COND__FPA__FPA__FPA__FPA__FPA_S0MULS1_BPA_MULS2_BPA_MUL72ll_BPA_GE1024ll_BPA_AND_FPA__FPA__FPA_S0MUL72ll_BPA_LE2147483647ll_BPA_AND_FPA__FPA__FPA__FPA_S0MULS1_BPA_MULS2_BPA_MUL72ll_BPA_LE2147483647ll_BPA__BPA__BPA___kernel
8375612543,16736,6541,5,1,1,32,16,1,26,0.000,0.000,None,,None,None,NVIDIA A100-SXM4-80GB (0),1,20,"void phi::VecReduceKernel<(int)512, (int)1, phi::ReduceExecutor<float, phi::kps::MeanOps<float, float, float>, float, (int)4, (int)4>>(T3)"
8375684383,3040,6545,3,1,1,128,1,1,47,0.002,0.000,None,,None,None,NVIDIA A100-SXM4-80GB (0),1,20,"void gemv2T_kernel_val<int, int, float, float, float, float, (int)128, (int)16, (int)2, (int)2, (bool)0, (bool)0, cublasGemvParamsEx<int, cublasGemvTensorStridedBatched<const float>, cublasGemvTensorStridedBatched<const float>, cublasGemvTensorStridedBatched<float>, float>>(T13, T6, T6)"
8375707775,2144,6549,1,1,1,32,1,1,16,0.000,0.000,None,,None,None,NVIDIA A100-SXM4-80GB (0),1,20,fn_reshape_gs_bc_add_full_gs_bc_max__11008249055510313070_COND__FPA__FPA__FPA__FPA_S0MUL18ll_BPA_GE1ll_BPA_AND_FPA__FPA_S0MUL18ll_BPA_LE1023ll_BPA__BPA_AND_FPA__FPA_S0MUL18ll_BPA_LE2147483647ll_BPA__BPA___kernel
8375758622,3264,6552,3,1,1,4,32,1,159,0.000,0.001,None,,None,None,NVIDIA A100-SXM4-80GB (0),1,20,"std::enable_if<!T7, void>::type internal::gemvx::kernel<int, int, float, float, float, float, (bool)0, (bool)1, (bool)1, (bool)0, (int)7, (bool)0, cublasGemvParamsEx<int, cublasGemvTensorStridedBatched<const float>, cublasGemvTensorStridedBatched<const float>, cublasGemvTensorStridedBatched<float>, float>>(T13)"
8375778014,5632,6556,1090,1,1,256,1,1,20,0.000,0.000,None,,None,None,NVIDIA A100-SXM4-80GB (0),1,20,fn_reshape_gs_bc_add_full_full_full_full_gs_bc_mul_gs_bc_add_gs_bc_min_gs_bc_max_gs_bc_mul__17594470531925998404_COND__FPA__FPA__FPA__FPA__FPA_S0MULS1_BPA_MULS2_BPA_MUL72ll_BPA_GE1024ll_BPA_AND_FPA__FPA__FPA_S0MUL72ll_BPA_LE2147483647ll_BPA_AND_FPA__FPA__FPA__FPA_S0MULS1_BPA_MULS2_BPA_MUL72ll_BPA_LE2147483647ll_BPA__BPA__BPA___kernel
8376059741,16480,6562,5,1,1,32,16,1,26,0.000,0.000,None,,None,None,NVIDIA A100-SXM4-80GB (0),1,20,"void phi::VecReduceKernel<(int)512, (int)1, phi::ReduceExecutor<float, phi::kps::MeanOps<float, float, float>, float, (int)4, (int)4>>(T3)"
8376128541,3072,6566,3,1,1,128,1,1,47,0.002,0.000,None,,None,None,NVIDIA A100-SXM4-80GB (0),1,20,"void gemv2T_kernel_val<int, int, float, float, float, float, (int)128, (int)16, (int)2, (int)2, (bool)0, (bool)0, cublasGemvParamsEx<int, cublasGemvTensorStridedBatched<const float>, cublasGemvTensorStridedBatched<const float>, cublasGemvTensorStridedBatched<float>, float>>(T13, T6, T6)"
8376152029,2144,6570,1,1,1,32,1,1,16,0.000,0.000,None,,None,None,NVIDIA A100-SXM4-80GB (0),1,20,fn_reshape_gs_bc_add_full_gs_bc_max__11008249055510313070_COND__FPA__FPA__FPA__FPA_S0MUL18ll_BPA_GE1ll_BPA_AND_FPA__FPA_S0MUL18ll_BPA_LE1023ll_BPA__BPA_AND_FPA__FPA_S0MUL18ll_BPA_LE2147483647ll_BPA__BPA___kernel
8376193981,3296,6573,3,1,1,4,32,1,159,0.000,0.001,None,,None,None,NVIDIA A100-SXM4-80GB (0),1,20,"std::enable_if<!T7, void>::type internal::gemvx::kernel<int, int, float, float, float, float, (bool)0, (bool)1, (bool)1, (bool)0, (int)7, (bool)0, cublasGemvParamsEx<int, cublasGemvTensorStridedBatched<const float>, cublasGemvTensorStridedBatched<const float>, cublasGemvTensorStridedBatched<float>, float>>(T13)"
8376211516,5600,6577,1090,1,1,256,1,1,20,0.000,0.000,None,,None,None,NVIDIA A100-SXM4-80GB (0),1,20,fn_reshape_gs_bc_add_full_full_full_full_gs_bc_mul_gs_bc_add_gs_bc_min_gs_bc_max_gs_bc_mul__17594470531925998404_COND__FPA__FPA__FPA__FPA__FPA_S0MULS1_BPA_MULS2_BPA_MUL72ll_BPA_GE1024ll_BPA_AND_FPA__FPA__FPA_S0MUL72ll_BPA_LE2147483647ll_BPA_AND_FPA__FPA__FPA__FPA_S0MULS1_BPA_MULS2_BPA_MUL72ll_BPA_LE2147483647ll_BPA__BPA__BPA___kernel
8376481531,16480,6583,5,1,1,32,16,1,26,0.000,0.000,None,,None,None,NVIDIA A100-SXM4-80GB (0),1,20,"void phi::VecReduceKernel<(int)512, (int)1, phi::ReduceExecutor<float, phi::kps::MeanOps<float, float, float>, float, (int)4, (int)4>>(T3)"
8376553179,3072,6587,3,1,1,128,1,1,47,0.002,0.000,None,,None,None,NVIDIA A100-SXM4-80GB (0),1,20,"void gemv2T_kernel_val<int, int, float, float, float, float, (int)128, (int)16, (int)2, (int)2, (bool)0, (bool)0, cublasGemvParamsEx<int, cublasGemvTensorStridedBatched<const float>, cublasGemvTensorStridedBatched<const float>, cublasGemvTensorStridedBatched<float>, float>>(T13, T6, T6)"
8376576699,2144,6591,1,1,1,32,1,1,16,0.000,0.000,None,,None,None,NVIDIA A100-SXM4-80GB (0),1,20,fn_reshape_gs_bc_add_full_gs_bc_max__11008249055510313070_COND__FPA__FPA__FPA__FPA_S0MUL18ll_BPA_GE1ll_BPA_AND_FPA__FPA_S0MUL18ll_BPA_LE1023ll_BPA__BPA_AND_FPA__FPA_S0MUL18ll_BPA_LE2147483647ll_BPA__BPA___kernel
8376618171,3296,6594,3,1,1,4,32,1,159,0.000,0.001,None,,None,None,NVIDIA A100-SXM4-80GB (0),1,20,"std::enable_if<!T7, void>::type internal::gemvx::kernel<int, int, float, float, float, float, (bool)0, (bool)1, (bool)1, (bool)0, (int)7, (bool)0, cublasGemvParamsEx<int, cublasGemvTensorStridedBatched<const float>, cublasGemvTensorStridedBatched<const float>, cublasGemvTensorStridedBatched<float>, float>>(T13)"
8376635899,5600,6598,1090,1,1,256,1,1,20,0.000,0.000,None,,None,None,NVIDIA A100-SXM4-80GB (0),1,20,fn_reshape_gs_bc_add_full_full_full_full_gs_bc_mul_gs_bc_add_gs_bc_min_gs_bc_max_gs_bc_mul__17594470531925998404_COND__FPA__FPA__FPA__FPA__FPA_S0MULS1_BPA_MULS2_BPA_MUL72ll_BPA_GE1024ll_BPA_AND_FPA__FPA__FPA_S0MUL72ll_BPA_LE2147483647ll_BPA_AND_FPA__FPA__FPA__FPA_S0MULS1_BPA_MULS2_BPA_MUL72ll_BPA_LE2147483647ll_BPA__BPA__BPA___kernel
8376913049,16480,6604,5,1,1,32,16,1,26,0.000,0.000,None,,None,None,NVIDIA A100-SXM4-80GB (0),1,20,"void phi::VecReduceKernel<(int)512, (int)1, phi::ReduceExecutor<float, phi::kps::MeanOps<float, float, float>, float, (int)4, (int)4>>(T3)"
8376981593,3040,6608,3,1,1,128,1,1,47,0.002,0.000,None,,None,None,NVIDIA A100-SXM4-80GB (0),1,20,"void gemv2T_kernel_val<int, int, float, float, float, float, (int)128, (int)16, (int)2, (int)2, (bool)0, (bool)0, cublasGemvParamsEx<int, cublasGemvTensorStridedBatched<const float>, cublasGemvTensorStridedBatched<const float>, cublasGemvTensorStridedBatched<float>, float>>(T13, T6, T6)"
8377012281,2144,6612,1,1,1,32,1,1,16,0.000,0.000,None,,None,None,NVIDIA A100-SXM4-80GB (0),1,20,fn_reshape_gs_bc_add_full_gs_bc_max__11008249055510313070_COND__FPA__FPA__FPA__FPA_S0MUL18ll_BPA_GE1ll_BPA_AND_FPA__FPA_S0MUL18ll_BPA_LE1023ll_BPA__BPA_AND_FPA__FPA_S0MUL18ll_BPA_LE2147483647ll_BPA__BPA___kernel
8377055545,3296,6615,3,1,1,4,32,1,159,0.000,0.001,None,,None,None,NVIDIA A100-SXM4-80GB (0),1,20,"std::enable_if<!T7, void>::type internal::gemvx::kernel<int, int, float, float, float, float, (bool)0, (bool)1, (bool)1, (bool)0, (int)7, (bool)0, cublasGemvParamsEx<int, cublasGemvTensorStridedBatched<const float>, cublasGemvTensorStridedBatched<const float>, cublasGemvTensorStridedBatched<float>, float>>(T13)"
8377074329,5632,6619,1090,1,1,256,1,1,20,0.000,0.000,None,,None,None,NVIDIA A100-SXM4-80GB (0),1,20,fn_reshape_gs_bc_add_full_full_full_full_gs_bc_mul_gs_bc_add_gs_bc_min_gs_bc_max_gs_bc_mul__17594470531925998404_COND__FPA__FPA__FPA__FPA__FPA_S0MULS1_BPA_MULS2_BPA_MUL72ll_BPA_GE1024ll_BPA_AND_FPA__FPA__FPA_S0MUL72ll_BPA_LE2147483647ll_BPA_AND_FPA__FPA__FPA__FPA_S0MULS1_BPA_MULS2_BPA_MUL72ll_BPA_LE2147483647ll_BPA__BPA__BPA___kernel
